ID,Header Size,Payload Size,Packet Size,Average Packet Size,Average Payload Size,Average Header Size,
4,8,553,595,884.0,840.0,9.0,
5,8,85,127,884.0,840.0,9.0,
6,8,37,79,884.0,840.0,9.0,
7,8,808,850,884.0,840.0,9.0,
8,8,1350,1392,884.0,840.0,9.0,
9,8,1350,1392,884.0,840.0,9.0,
10,8,50,92,884.0,840.0,9.0,
11,8,1350,1392,884.0,840.0,9.0,
12,8,1350,1392,884.0,840.0,9.0,
13,8,1350,1392,884.0,840.0,9.0,
14,8,41,83,884.0,840.0,9.0,
15,8,1350,1392,884.0,840.0,9.0,
16,8,1350,1392,884.0,840.0,9.0,
17,8,1350,1392,884.0,840.0,9.0,
18,8,1350,1392,884.0,840.0,9.0,
19,8,41,83,884.0,840.0,9.0,
20,8,41,83,884.0,840.0,9.0,
21,8,1350,1392,884.0,840.0,9.0,
22,8,1350,1392,884.0,840.0,9.0,
23,8,1350,1392,884.0,840.0,9.0,
24,8,1350,1392,884.0,840.0,9.0,
25,8,1350,1392,884.0,840.0,9.0,
26,8,1350,1392,884.0,840.0,9.0,
27,8,1350,1392,884.0,840.0,9.0,
28,8,1350,1392,884.0,840.0,9.0,
29,8,41,83,884.0,840.0,9.0,
30,8,41,83,884.0,840.0,9.0,
31,8,41,83,884.0,840.0,9.0,
32,8,41,83,884.0,840.0,9.0,
33,8,1350,1392,884.0,840.0,9.0,
34,8,41,83,884.0,840.0,9.0,
35,8,1350,1392,884.0,840.0,9.0,
36,8,1350,1392,884.0,840.0,9.0,
37,8,41,83,884.0,840.0,9.0,
38,8,1350,1392,884.0,840.0,9.0,
39,8,1350,1392,884.0,840.0,9.0,
40,8,41,83,884.0,840.0,9.0,
41,8,1350,1392,884.0,840.0,9.0,
42,8,1350,1392,884.0,840.0,9.0,
43,8,41,83,884.0,840.0,9.0,
44,8,1350,1392,884.0,840.0,9.0,
45,8,1350,1392,884.0,840.0,9.0,
46,8,1350,1392,884.0,840.0,9.0,
47,8,1350,1392,884.0,840.0,9.0,
48,8,1350,1392,884.0,840.0,9.0,
49,8,1350,1392,884.0,840.0,9.0,
50,8,1350,1392,884.0,840.0,9.0,
51,8,1350,1392,884.0,840.0,9.0,
52,8,1350,1392,884.0,840.0,9.0,
53,8,41,83,884.0,840.0,9.0,
54,8,41,83,884.0,840.0,9.0,
55,8,41,83,884.0,840.0,9.0,
56,8,41,83,884.0,840.0,9.0,
57,8,1350,1392,884.0,840.0,9.0,
58,8,1350,1392,884.0,840.0,9.0,
59,8,1350,1392,884.0,840.0,9.0,
60,8,1350,1392,884.0,840.0,9.0,
61,8,41,83,884.0,840.0,9.0,
62,8,41,83,884.0,840.0,9.0,
63,8,1350,1392,884.0,840.0,9.0,
64,8,1350,1392,884.0,840.0,9.0,
65,8,1350,1392,884.0,840.0,9.0,
66,8,41,83,884.0,840.0,9.0,
67,8,1350,1392,884.0,840.0,9.0,
68,8,41,83,884.0,840.0,9.0,
69,8,1350,1392,884.0,840.0,9.0,
70,8,1350,1392,884.0,840.0,9.0,
71,8,1350,1392,884.0,840.0,9.0,
72,8,1350,1392,884.0,840.0,9.0,
73,8,1350,1392,884.0,840.0,9.0,
74,8,1350,1392,884.0,840.0,9.0,
75,8,1350,1392,884.0,840.0,9.0,
76,8,1350,1392,884.0,840.0,9.0,
77,8,1350,1392,884.0,840.0,9.0,
78,8,1350,1392,884.0,840.0,9.0,
79,8,41,83,884.0,840.0,9.0,
80,8,41,83,884.0,840.0,9.0,
81,8,41,83,884.0,840.0,9.0,
82,8,1350,1392,884.0,840.0,9.0,
83,8,41,83,884.0,840.0,9.0,
84,8,1350,1392,884.0,840.0,9.0,
85,8,41,83,884.0,840.0,9.0,
86,8,41,83,884.0,840.0,9.0,
87,8,1350,1392,884.0,840.0,9.0,
88,8,41,83,884.0,840.0,9.0,
89,8,1350,1392,884.0,840.0,9.0,
90,8,1350,1392,884.0,840.0,9.0,
91,8,41,83,884.0,840.0,9.0,
92,8,1350,1392,884.0,840.0,9.0,
93,8,1350,1392,884.0,840.0,9.0,
94,8,1350,1392,884.0,840.0,9.0,
95,8,41,83,884.0,840.0,9.0,
96,8,1350,1392,884.0,840.0,9.0,
97,8,41,83,884.0,840.0,9.0,
98,8,1350,1392,884.0,840.0,9.0,
99,8,1350,1392,884.0,840.0,9.0,
100,8,41,83,884.0,840.0,9.0,
101,8,1350,1392,884.0,840.0,9.0,
102,8,1350,1392,884.0,840.0,9.0,
103,8,41,83,884.0,840.0,9.0,
104,8,1350,1392,884.0,840.0,9.0,
105,8,1350,1392,884.0,840.0,9.0,
106,8,41,83,884.0,840.0,9.0,
107,8,1350,1392,884.0,840.0,9.0,
108,8,1350,1392,884.0,840.0,9.0,
109,8,41,83,884.0,840.0,9.0,
110,8,1350,1392,884.0,840.0,9.0,
111,8,1350,1392,884.0,840.0,9.0,
112,8,41,83,884.0,840.0,9.0,
113,8,1350,1392,884.0,840.0,9.0,
114,8,1350,1392,884.0,840.0,9.0,
115,8,41,83,884.0,840.0,9.0,
116,8,1350,1392,884.0,840.0,9.0,
117,8,1350,1392,884.0,840.0,9.0,
118,8,1350,1392,884.0,840.0,9.0,
119,8,1350,1392,884.0,840.0,9.0,
120,8,1350,1392,884.0,840.0,9.0,
121,8,1350,1392,884.0,840.0,9.0,
122,8,1350,1392,884.0,840.0,9.0,
123,8,1350,1392,884.0,840.0,9.0,
124,8,1350,1392,884.0,840.0,9.0,
125,8,41,83,884.0,840.0,9.0,
126,8,1350,1392,884.0,840.0,9.0,
127,8,41,83,884.0,840.0,9.0,
128,8,41,83,884.0,840.0,9.0,
129,8,1350,1392,884.0,840.0,9.0,
130,8,41,83,884.0,840.0,9.0,
131,8,41,83,884.0,840.0,9.0,
132,8,1350,1392,884.0,840.0,9.0,
133,8,41,83,884.0,840.0,9.0,
134,8,1350,1392,884.0,840.0,9.0,
135,8,1350,1392,884.0,840.0,9.0,
136,8,41,83,884.0,840.0,9.0,
137,8,1350,1392,884.0,840.0,9.0,
138,8,1350,1392,884.0,840.0,9.0,
139,8,1350,1392,884.0,840.0,9.0,
140,8,1350,1392,884.0,840.0,9.0,
141,8,41,83,884.0,840.0,9.0,
142,8,41,83,884.0,840.0,9.0,
143,8,1350,1392,884.0,840.0,9.0,
144,8,1350,1392,884.0,840.0,9.0,
145,8,41,83,884.0,840.0,9.0,
146,8,1350,1392,884.0,840.0,9.0,
147,8,1350,1392,884.0,840.0,9.0,
148,8,41,83,884.0,840.0,9.0,
149,8,1350,1392,884.0,840.0,9.0,
150,8,1350,1392,884.0,840.0,9.0,
151,8,41,83,884.0,840.0,9.0,
152,8,1350,1392,884.0,840.0,9.0,
153,8,1350,1392,884.0,840.0,9.0,
154,8,41,83,884.0,840.0,9.0,
155,8,1350,1392,884.0,840.0,9.0,
156,8,1350,1392,884.0,840.0,9.0,
157,8,1350,1392,884.0,840.0,9.0,
158,8,1350,1392,884.0,840.0,9.0,
159,8,1350,1392,884.0,840.0,9.0,
160,8,1350,1392,884.0,840.0,9.0,
161,8,1350,1392,884.0,840.0,9.0,
162,8,1350,1392,884.0,840.0,9.0,
163,8,1350,1392,884.0,840.0,9.0,
164,8,1350,1392,884.0,840.0,9.0,
165,8,1350,1392,884.0,840.0,9.0,
166,8,1350,1392,884.0,840.0,9.0,
167,8,1350,1392,884.0,840.0,9.0,
168,8,1350,1392,884.0,840.0,9.0,
169,8,41,83,884.0,840.0,9.0,
170,8,43,85,884.0,840.0,9.0,
171,8,43,85,884.0,840.0,9.0,
172,8,43,85,884.0,840.0,9.0,
173,8,43,85,884.0,840.0,9.0,
174,8,43,85,884.0,840.0,9.0,
175,8,43,85,884.0,840.0,9.0,
176,8,1350,1392,884.0,840.0,9.0,
177,8,1350,1392,884.0,840.0,9.0,
178,8,43,85,884.0,840.0,9.0,
179,8,1350,1392,884.0,840.0,9.0,
180,8,1350,1392,884.0,840.0,9.0,
181,8,43,85,884.0,840.0,9.0,
182,8,1350,1392,884.0,840.0,9.0,
183,8,1350,1392,884.0,840.0,9.0,
184,8,43,85,884.0,840.0,9.0,
185,8,1350,1392,884.0,840.0,9.0,
186,8,1350,1392,884.0,840.0,9.0,
187,8,43,85,884.0,840.0,9.0,
188,8,1350,1392,884.0,840.0,9.0,
189,8,1350,1392,884.0,840.0,9.0,
190,8,43,85,884.0,840.0,9.0,
191,8,1350,1392,884.0,840.0,9.0,
192,8,1350,1392,884.0,840.0,9.0,
193,8,43,85,884.0,840.0,9.0,
194,8,1350,1392,884.0,840.0,9.0,
195,8,1350,1392,884.0,840.0,9.0,
196,8,43,85,884.0,840.0,9.0,
197,8,1350,1392,884.0,840.0,9.0,
198,8,1350,1392,884.0,840.0,9.0,
199,8,43,85,884.0,840.0,9.0,
200,8,1350,1392,884.0,840.0,9.0,
201,8,1350,1392,884.0,840.0,9.0,
202,8,43,85,884.0,840.0,9.0,
203,8,1350,1392,884.0,840.0,9.0,
204,8,1350,1392,884.0,840.0,9.0,
205,8,43,85,884.0,840.0,9.0,
206,8,1350,1392,884.0,840.0,9.0,
207,8,1350,1392,884.0,840.0,9.0,
208,8,43,85,884.0,840.0,9.0,
209,8,1350,1392,884.0,840.0,9.0,
210,8,1350,1392,884.0,840.0,9.0,
211,8,43,85,884.0,840.0,9.0,
212,8,1350,1392,884.0,840.0,9.0,
213,8,1350,1392,884.0,840.0,9.0,
214,8,43,85,884.0,840.0,9.0,
215,8,1350,1392,884.0,840.0,9.0,
216,8,1350,1392,884.0,840.0,9.0,
217,8,43,85,884.0,840.0,9.0,
218,8,1350,1392,884.0,840.0,9.0,
219,8,1350,1392,884.0,840.0,9.0,
220,8,43,85,884.0,840.0,9.0,
221,8,1350,1392,884.0,840.0,9.0,
222,8,1350,1392,884.0,840.0,9.0,
223,8,43,85,884.0,840.0,9.0,
224,8,1350,1392,884.0,840.0,9.0,
225,8,1350,1392,884.0,840.0,9.0,
226,8,43,85,884.0,840.0,9.0,
227,8,1350,1392,884.0,840.0,9.0,
228,8,1350,1392,884.0,840.0,9.0,
229,8,43,85,884.0,840.0,9.0,
230,8,1350,1392,884.0,840.0,9.0,
231,8,1350,1392,884.0,840.0,9.0,
232,8,43,85,884.0,840.0,9.0,
233,8,1350,1392,884.0,840.0,9.0,
234,8,1350,1392,884.0,840.0,9.0,
235,8,43,85,884.0,840.0,9.0,
236,8,1350,1392,884.0,840.0,9.0,
237,8,1350,1392,884.0,840.0,9.0,
238,8,43,85,884.0,840.0,9.0,
239,8,98,140,884.0,840.0,9.0,
240,8,1350,1392,884.0,840.0,9.0,
241,8,1350,1392,884.0,840.0,9.0,
242,8,89,131,884.0,840.0,9.0,
243,8,1350,1392,884.0,840.0,9.0,
244,8,92,134,884.0,840.0,9.0,
245,8,46,88,884.0,840.0,9.0,
246,8,1350,1392,884.0,840.0,9.0,
247,8,1350,1392,884.0,840.0,9.0,
248,8,49,91,884.0,840.0,9.0,
249,8,1350,1392,884.0,840.0,9.0,
250,8,41,83,884.0,840.0,9.0,
251,8,1350,1392,884.0,840.0,9.0,
252,8,1350,1392,884.0,840.0,9.0,
253,8,41,83,884.0,840.0,9.0,
254,8,1350,1392,884.0,840.0,9.0,
255,8,1350,1392,884.0,840.0,9.0,
256,8,41,83,884.0,840.0,9.0,
257,8,1350,1392,884.0,840.0,9.0,
258,8,1350,1392,884.0,840.0,9.0,
259,8,41,83,884.0,840.0,9.0,
260,8,1350,1392,884.0,840.0,9.0,
261,8,1350,1392,884.0,840.0,9.0,
262,8,41,83,884.0,840.0,9.0,
263,8,1350,1392,884.0,840.0,9.0,
264,8,1350,1392,884.0,840.0,9.0,
265,8,1350,1392,884.0,840.0,9.0,
266,8,1350,1392,884.0,840.0,9.0,
267,8,1350,1392,884.0,840.0,9.0,
268,8,1350,1392,884.0,840.0,9.0,
269,8,1350,1392,884.0,840.0,9.0,
270,8,1350,1392,884.0,840.0,9.0,
271,8,41,83,884.0,840.0,9.0,
272,8,41,83,884.0,840.0,9.0,
273,8,41,83,884.0,840.0,9.0,
274,8,41,83,884.0,840.0,9.0,
275,8,1350,1392,884.0,840.0,9.0,
276,8,1350,1392,884.0,840.0,9.0,
277,8,1350,1392,884.0,840.0,9.0,
278,8,41,83,884.0,840.0,9.0,
279,8,1350,1392,884.0,840.0,9.0,
280,8,1350,1392,884.0,840.0,9.0,
281,8,1350,1392,884.0,840.0,9.0,
282,8,1350,1392,884.0,840.0,9.0,
283,8,1350,1392,884.0,840.0,9.0,
284,8,41,83,884.0,840.0,9.0,
285,8,41,83,884.0,840.0,9.0,
286,8,1350,1392,884.0,840.0,9.0,
287,8,1350,1392,884.0,840.0,9.0,
288,8,1350,1392,884.0,840.0,9.0,
289,8,1350,1392,884.0,840.0,9.0,
290,8,1350,1392,884.0,840.0,9.0,
291,8,41,83,884.0,840.0,9.0,
292,8,41,83,884.0,840.0,9.0,
293,8,41,83,884.0,840.0,9.0,
294,8,1350,1392,884.0,840.0,9.0,
295,8,41,83,884.0,840.0,9.0,
296,8,1350,1392,884.0,840.0,9.0,
297,8,1350,1392,884.0,840.0,9.0,
298,8,41,83,884.0,840.0,9.0,
299,8,1350,1392,884.0,840.0,9.0,
300,8,1350,1392,884.0,840.0,9.0,
301,8,41,83,884.0,840.0,9.0,
302,8,1350,1392,884.0,840.0,9.0,
303,8,1350,1392,884.0,840.0,9.0,
304,8,41,83,884.0,840.0,9.0,
305,8,1350,1392,884.0,840.0,9.0,
306,8,1350,1392,884.0,840.0,9.0,
307,8,41,83,884.0,840.0,9.0,
308,8,1350,1392,884.0,840.0,9.0,
309,8,1350,1392,884.0,840.0,9.0,
310,8,41,83,884.0,840.0,9.0,
311,8,1350,1392,884.0,840.0,9.0,
312,8,1350,1392,884.0,840.0,9.0,
313,8,41,83,884.0,840.0,9.0,
314,8,1350,1392,884.0,840.0,9.0,
315,8,1350,1392,884.0,840.0,9.0,
316,8,41,83,884.0,840.0,9.0,
317,8,1350,1392,884.0,840.0,9.0,
318,8,1350,1392,884.0,840.0,9.0,
319,8,41,83,884.0,840.0,9.0,
320,8,1350,1392,884.0,840.0,9.0,
321,8,1350,1392,884.0,840.0,9.0,
322,8,41,83,884.0,840.0,9.0,
323,8,1350,1392,884.0,840.0,9.0,
324,8,1350,1392,884.0,840.0,9.0,
325,8,41,83,884.0,840.0,9.0,
326,8,1350,1392,884.0,840.0,9.0,
327,8,1350,1392,884.0,840.0,9.0,
328,8,41,83,884.0,840.0,9.0,
329,8,1350,1392,884.0,840.0,9.0,
330,8,1350,1392,884.0,840.0,9.0,
331,8,41,83,884.0,840.0,9.0,
332,8,1350,1392,884.0,840.0,9.0,
333,8,1350,1392,884.0,840.0,9.0,
334,8,41,83,884.0,840.0,9.0,
335,8,1350,1392,884.0,840.0,9.0,
336,8,1350,1392,884.0,840.0,9.0,
337,8,41,83,884.0,840.0,9.0,
338,8,1350,1392,884.0,840.0,9.0,
339,8,1350,1392,884.0,840.0,9.0,
340,8,41,83,884.0,840.0,9.0,
341,8,1350,1392,884.0,840.0,9.0,
342,8,1350,1392,884.0,840.0,9.0,
343,8,41,83,884.0,840.0,9.0,
344,8,1350,1392,884.0,840.0,9.0,
345,8,1350,1392,884.0,840.0,9.0,
346,8,41,83,884.0,840.0,9.0,
347,8,1350,1392,884.0,840.0,9.0,
348,8,1350,1392,884.0,840.0,9.0,
349,8,41,83,884.0,840.0,9.0,
350,8,1350,1392,884.0,840.0,9.0,
351,8,1350,1392,884.0,840.0,9.0,
352,8,41,83,884.0,840.0,9.0,
353,8,1350,1392,884.0,840.0,9.0,
354,8,1350,1392,884.0,840.0,9.0,
355,8,43,85,884.0,840.0,9.0,
356,8,1350,1392,884.0,840.0,9.0,
357,8,1350,1392,884.0,840.0,9.0,
358,8,43,85,884.0,840.0,9.0,
359,8,1350,1392,884.0,840.0,9.0,
360,8,1350,1392,884.0,840.0,9.0,
361,8,43,85,884.0,840.0,9.0,
362,8,1350,1392,884.0,840.0,9.0,
363,8,1350,1392,884.0,840.0,9.0,
364,8,43,85,884.0,840.0,9.0,
365,8,1350,1392,884.0,840.0,9.0,
366,8,1350,1392,884.0,840.0,9.0,
367,8,43,85,884.0,840.0,9.0,
368,8,1350,1392,884.0,840.0,9.0,
369,8,1350,1392,884.0,840.0,9.0,
370,8,1350,1392,884.0,840.0,9.0,
371,8,1350,1392,884.0,840.0,9.0,
372,8,43,85,884.0,840.0,9.0,
373,8,43,85,884.0,840.0,9.0,
374,8,1350,1392,884.0,840.0,9.0,
375,8,1350,1392,884.0,840.0,9.0,
376,8,1350,1392,884.0,840.0,9.0,
377,8,1350,1392,884.0,840.0,9.0,
378,8,1350,1392,884.0,840.0,9.0,
379,8,43,85,884.0,840.0,9.0,
380,8,1350,1392,884.0,840.0,9.0,
381,8,1350,1392,884.0,840.0,9.0,
382,8,1350,1392,884.0,840.0,9.0,
383,8,1350,1392,884.0,840.0,9.0,
384,8,1350,1392,884.0,840.0,9.0,
385,8,1350,1392,884.0,840.0,9.0,
386,8,1350,1392,884.0,840.0,9.0,
387,8,1350,1392,884.0,840.0,9.0,
388,8,1350,1392,884.0,840.0,9.0,
389,8,1350,1392,884.0,840.0,9.0,
390,8,1350,1392,884.0,840.0,9.0,
391,8,1350,1392,884.0,840.0,9.0,
392,8,43,85,884.0,840.0,9.0,
393,8,43,85,884.0,840.0,9.0,
394,8,1350,1392,884.0,840.0,9.0,
395,8,43,85,884.0,840.0,9.0,
396,8,43,85,884.0,840.0,9.0,
397,8,43,85,884.0,840.0,9.0,
398,8,43,85,884.0,840.0,9.0,
399,8,1350,1392,884.0,840.0,9.0,
400,8,43,85,884.0,840.0,9.0,
401,8,43,85,884.0,840.0,9.0,
402,8,1350,1392,884.0,840.0,9.0,
403,8,1350,1392,884.0,840.0,9.0,
404,8,43,85,884.0,840.0,9.0,
405,8,1350,1392,884.0,840.0,9.0,
406,8,43,85,884.0,840.0,9.0,
407,8,1350,1392,884.0,840.0,9.0,
408,8,1350,1392,884.0,840.0,9.0,
409,8,43,85,884.0,840.0,9.0,
410,8,1350,1392,884.0,840.0,9.0,
411,8,1350,1392,884.0,840.0,9.0,
412,8,43,85,884.0,840.0,9.0,
413,8,1350,1392,884.0,840.0,9.0,
414,8,1350,1392,884.0,840.0,9.0,
415,8,43,85,884.0,840.0,9.0,
416,8,1350,1392,884.0,840.0,9.0,
417,8,1350,1392,884.0,840.0,9.0,
418,8,43,85,884.0,840.0,9.0,
419,8,1350,1392,884.0,840.0,9.0,
420,8,1350,1392,884.0,840.0,9.0,
421,8,43,85,884.0,840.0,9.0,
422,8,1350,1392,884.0,840.0,9.0,
423,8,1350,1392,884.0,840.0,9.0,
424,8,43,85,884.0,840.0,9.0,
425,8,1350,1392,884.0,840.0,9.0,
426,8,1350,1392,884.0,840.0,9.0,
427,8,43,85,884.0,840.0,9.0,
428,8,1350,1392,884.0,840.0,9.0,
429,8,1350,1392,884.0,840.0,9.0,
430,8,43,85,884.0,840.0,9.0,
431,8,1350,1392,884.0,840.0,9.0,
432,8,1350,1392,884.0,840.0,9.0,
433,8,43,85,884.0,840.0,9.0,
434,8,1350,1392,884.0,840.0,9.0,
435,8,1350,1392,884.0,840.0,9.0,
436,8,43,85,884.0,840.0,9.0,
437,8,1350,1392,884.0,840.0,9.0,
438,8,1350,1392,884.0,840.0,9.0,
439,8,1350,1392,884.0,840.0,9.0,
440,8,1350,1392,884.0,840.0,9.0,
441,8,43,85,884.0,840.0,9.0,
442,8,43,85,884.0,840.0,9.0,
443,8,812,854,884.0,840.0,9.0,
444,8,1350,1392,884.0,840.0,9.0,
445,8,1350,1392,884.0,840.0,9.0,
446,8,43,85,884.0,840.0,9.0,
447,8,1350,1392,884.0,840.0,9.0,
448,8,1350,1392,884.0,840.0,9.0,
449,8,43,85,884.0,840.0,9.0,
450,8,1350,1392,884.0,840.0,9.0,
451,8,1350,1392,884.0,840.0,9.0,
452,8,43,85,884.0,840.0,9.0,
453,8,1350,1392,884.0,840.0,9.0,
454,8,1350,1392,884.0,840.0,9.0,
455,8,1350,1392,884.0,840.0,9.0,
456,8,98,140,884.0,840.0,9.0,
457,8,1350,1392,884.0,840.0,9.0,
458,8,1350,1392,884.0,840.0,9.0,
459,8,1350,1392,884.0,840.0,9.0,
460,8,89,131,884.0,840.0,9.0,
461,8,1350,1392,884.0,840.0,9.0,
462,8,1350,1392,884.0,840.0,9.0,
463,8,1350,1392,884.0,840.0,9.0,
464,8,1350,1392,884.0,840.0,9.0,
465,8,1350,1392,884.0,840.0,9.0,
466,8,1350,1392,884.0,840.0,9.0,
467,8,1350,1392,884.0,840.0,9.0,
468,8,1350,1392,884.0,840.0,9.0,
469,8,71,113,884.0,840.0,9.0,
470,8,43,85,884.0,840.0,9.0,
471,8,1350,1392,884.0,840.0,9.0,
472,8,46,88,884.0,840.0,9.0,
473,8,41,83,884.0,840.0,9.0,
474,8,44,86,884.0,840.0,9.0,
475,8,41,83,884.0,840.0,9.0,
476,8,41,83,884.0,840.0,9.0,
477,8,41,83,884.0,840.0,9.0,
478,8,41,83,884.0,840.0,9.0,
479,8,1350,1392,884.0,840.0,9.0,
480,8,1350,1392,884.0,840.0,9.0,
481,8,1350,1392,884.0,840.0,9.0,
482,8,1350,1392,884.0,840.0,9.0,
483,8,1350,1392,884.0,840.0,9.0,
484,8,1350,1392,884.0,840.0,9.0,
485,8,1350,1392,884.0,840.0,9.0,
486,8,1350,1392,884.0,840.0,9.0,
487,8,1350,1392,884.0,840.0,9.0,
488,8,1350,1392,884.0,840.0,9.0,
489,8,1350,1392,884.0,840.0,9.0,
490,8,1350,1392,884.0,840.0,9.0,
491,8,1350,1392,884.0,840.0,9.0,
492,8,1350,1392,884.0,840.0,9.0,
493,8,1350,1392,884.0,840.0,9.0,
494,8,1350,1392,884.0,840.0,9.0,
495,8,1350,1392,884.0,840.0,9.0,
496,8,1350,1392,884.0,840.0,9.0,
497,8,1350,1392,884.0,840.0,9.0,
498,8,1350,1392,884.0,840.0,9.0,
499,8,1350,1392,884.0,840.0,9.0,
500,8,1350,1392,884.0,840.0,9.0,
501,8,41,83,884.0,840.0,9.0,
502,8,1350,1392,884.0,840.0,9.0,
503,8,41,83,884.0,840.0,9.0,
504,8,41,83,884.0,840.0,9.0,
505,8,41,83,884.0,840.0,9.0,
506,8,41,83,884.0,840.0,9.0,
507,8,41,83,884.0,840.0,9.0,
508,8,41,83,884.0,840.0,9.0,
509,8,41,83,884.0,840.0,9.0,
510,8,41,83,884.0,840.0,9.0,
511,8,41,83,884.0,840.0,9.0,
512,8,41,83,884.0,840.0,9.0,
513,8,1350,1392,884.0,840.0,9.0,
514,8,1350,1392,884.0,840.0,9.0,
515,8,1350,1392,884.0,840.0,9.0,
516,8,1350,1392,884.0,840.0,9.0,
517,8,41,83,884.0,840.0,9.0,
518,8,1350,1392,884.0,840.0,9.0,
519,8,41,83,884.0,840.0,9.0,
520,8,41,83,884.0,840.0,9.0,
521,8,1350,1392,884.0,840.0,9.0,
522,8,1350,1392,884.0,840.0,9.0,
523,8,41,83,884.0,840.0,9.0,
524,8,1350,1392,884.0,840.0,9.0,
525,8,1350,1392,884.0,840.0,9.0,
526,8,41,83,884.0,840.0,9.0,
527,8,1350,1392,884.0,840.0,9.0,
528,8,1350,1392,884.0,840.0,9.0,
529,8,41,83,884.0,840.0,9.0,
530,8,1350,1392,884.0,840.0,9.0,
531,8,1350,1392,884.0,840.0,9.0,
532,8,41,83,884.0,840.0,9.0,
533,8,1350,1392,884.0,840.0,9.0,
534,8,1350,1392,884.0,840.0,9.0,
535,8,41,83,884.0,840.0,9.0,
536,8,1350,1392,884.0,840.0,9.0,
537,8,1350,1392,884.0,840.0,9.0,
538,8,41,83,884.0,840.0,9.0,
539,8,1350,1392,884.0,840.0,9.0,
540,8,1350,1392,884.0,840.0,9.0,
541,8,41,83,884.0,840.0,9.0,
542,8,1350,1392,884.0,840.0,9.0,
543,8,1350,1392,884.0,840.0,9.0,
544,8,41,83,884.0,840.0,9.0,
545,8,1350,1392,884.0,840.0,9.0,
546,8,1350,1392,884.0,840.0,9.0,
547,8,41,83,884.0,840.0,9.0,
548,8,1350,1392,884.0,840.0,9.0,
549,8,1350,1392,884.0,840.0,9.0,
550,8,41,83,884.0,840.0,9.0,
551,8,1350,1392,884.0,840.0,9.0,
552,8,1350,1392,884.0,840.0,9.0,
553,8,1350,1392,884.0,840.0,9.0,
554,8,1350,1392,884.0,840.0,9.0,
555,8,41,83,884.0,840.0,9.0,
556,8,41,83,884.0,840.0,9.0,
557,8,1350,1392,884.0,840.0,9.0,
558,8,1350,1392,884.0,840.0,9.0,
559,8,41,83,884.0,840.0,9.0,
560,8,1350,1392,884.0,840.0,9.0,
561,8,1350,1392,884.0,840.0,9.0,
562,8,41,83,884.0,840.0,9.0,
563,8,1350,1392,884.0,840.0,9.0,
564,8,1350,1392,884.0,840.0,9.0,
565,8,1350,1392,884.0,840.0,9.0,
566,8,1350,1392,884.0,840.0,9.0,
567,8,1350,1392,884.0,840.0,9.0,
568,8,41,83,884.0,840.0,9.0,
569,8,41,83,884.0,840.0,9.0,
570,8,1350,1392,884.0,840.0,9.0,
571,8,1350,1392,884.0,840.0,9.0,
572,8,41,83,884.0,840.0,9.0,
573,8,1350,1392,884.0,840.0,9.0,
574,8,41,83,884.0,840.0,9.0,
575,8,1350,1392,884.0,840.0,9.0,
576,8,1350,1392,884.0,840.0,9.0,
577,8,41,83,884.0,840.0,9.0,
578,8,1350,1392,884.0,840.0,9.0,
579,8,1350,1392,884.0,840.0,9.0,
580,8,1350,1392,884.0,840.0,9.0,
581,8,41,83,884.0,840.0,9.0,
582,8,1350,1392,884.0,840.0,9.0,
583,8,41,83,884.0,840.0,9.0,
584,8,1350,1392,884.0,840.0,9.0,
585,8,1350,1392,884.0,840.0,9.0,
586,8,1350,1392,884.0,840.0,9.0,
587,8,1350,1392,884.0,840.0,9.0,
588,8,41,83,884.0,840.0,9.0,
589,8,41,83,884.0,840.0,9.0,
590,8,1350,1392,884.0,840.0,9.0,
591,8,1350,1392,884.0,840.0,9.0,
592,8,1350,1392,884.0,840.0,9.0,
593,8,41,83,884.0,840.0,9.0,
594,8,1350,1392,884.0,840.0,9.0,
595,8,1350,1392,884.0,840.0,9.0,
596,8,1350,1392,884.0,840.0,9.0,
597,8,41,83,884.0,840.0,9.0,
598,8,1350,1392,884.0,840.0,9.0,
599,8,43,85,884.0,840.0,9.0,
600,8,1350,1392,884.0,840.0,9.0,
601,8,43,85,884.0,840.0,9.0,
602,8,1350,1392,884.0,840.0,9.0,
603,8,1350,1392,884.0,840.0,9.0,
604,8,43,85,884.0,840.0,9.0,
605,8,1350,1392,884.0,840.0,9.0,
606,8,1350,1392,884.0,840.0,9.0,
607,8,43,85,884.0,840.0,9.0,
608,8,1350,1392,884.0,840.0,9.0,
609,8,1350,1392,884.0,840.0,9.0,
610,8,43,85,884.0,840.0,9.0,
611,8,1350,1392,884.0,840.0,9.0,
612,8,1350,1392,884.0,840.0,9.0,
613,8,1350,1392,884.0,840.0,9.0,
614,8,1350,1392,884.0,840.0,9.0,
615,8,43,85,884.0,840.0,9.0,
616,8,43,85,884.0,840.0,9.0,
617,8,1350,1392,884.0,840.0,9.0,
618,8,1350,1392,884.0,840.0,9.0,
619,8,43,85,884.0,840.0,9.0,
620,8,1350,1392,884.0,840.0,9.0,
621,8,1350,1392,884.0,840.0,9.0,
622,8,43,85,884.0,840.0,9.0,
623,8,1350,1392,884.0,840.0,9.0,
624,8,1350,1392,884.0,840.0,9.0,
625,8,43,85,884.0,840.0,9.0,
626,8,1350,1392,884.0,840.0,9.0,
627,8,1350,1392,884.0,840.0,9.0,
628,8,43,85,884.0,840.0,9.0,
629,8,1350,1392,884.0,840.0,9.0,
630,8,1350,1392,884.0,840.0,9.0,
631,8,43,85,884.0,840.0,9.0,
632,8,1350,1392,884.0,840.0,9.0,
633,8,1350,1392,884.0,840.0,9.0,
634,8,43,85,884.0,840.0,9.0,
635,8,1350,1392,884.0,840.0,9.0,
636,8,1350,1392,884.0,840.0,9.0,
637,8,43,85,884.0,840.0,9.0,
638,8,1350,1392,884.0,840.0,9.0,
639,8,1350,1392,884.0,840.0,9.0,
640,8,43,85,884.0,840.0,9.0,
641,8,1350,1392,884.0,840.0,9.0,
642,8,1350,1392,884.0,840.0,9.0,
643,8,43,85,884.0,840.0,9.0,
644,8,1350,1392,884.0,840.0,9.0,
645,8,1350,1392,884.0,840.0,9.0,
646,8,43,85,884.0,840.0,9.0,
647,8,1350,1392,884.0,840.0,9.0,
648,8,1350,1392,884.0,840.0,9.0,
649,8,43,85,884.0,840.0,9.0,
650,8,1350,1392,884.0,840.0,9.0,
651,8,1350,1392,884.0,840.0,9.0,
652,8,43,85,884.0,840.0,9.0,
653,8,1350,1392,884.0,840.0,9.0,
654,8,1350,1392,884.0,840.0,9.0,
655,8,43,85,884.0,840.0,9.0,
656,8,1350,1392,884.0,840.0,9.0,
657,8,1350,1392,884.0,840.0,9.0,
658,8,43,85,884.0,840.0,9.0,
659,8,1350,1392,884.0,840.0,9.0,
660,8,1350,1392,884.0,840.0,9.0,
661,8,43,85,884.0,840.0,9.0,
662,8,1350,1392,884.0,840.0,9.0,
663,8,1350,1392,884.0,840.0,9.0,
664,8,43,85,884.0,840.0,9.0,
665,8,1350,1392,884.0,840.0,9.0,
666,8,1350,1392,884.0,840.0,9.0,
667,8,1350,1392,884.0,840.0,9.0,
668,8,89,131,884.0,840.0,9.0,
669,8,43,85,884.0,840.0,9.0,
670,8,1350,1392,884.0,840.0,9.0,
671,8,1350,1392,884.0,840.0,9.0,
672,8,44,86,884.0,840.0,9.0,
673,8,1350,1392,884.0,840.0,9.0,
674,8,41,83,884.0,840.0,9.0,
675,8,1350,1392,884.0,840.0,9.0,
676,8,1350,1392,884.0,840.0,9.0,
677,8,41,83,884.0,840.0,9.0,
678,8,1350,1392,884.0,840.0,9.0,
679,8,1350,1392,884.0,840.0,9.0,
680,8,41,83,884.0,840.0,9.0,
681,8,1350,1392,884.0,840.0,9.0,
682,8,1350,1392,884.0,840.0,9.0,
683,8,41,83,884.0,840.0,9.0,
684,8,1350,1392,884.0,840.0,9.0,
685,8,1350,1392,884.0,840.0,9.0,
686,8,41,83,884.0,840.0,9.0,
687,8,1350,1392,884.0,840.0,9.0,
688,8,1350,1392,884.0,840.0,9.0,
689,8,1350,1392,884.0,840.0,9.0,
690,8,41,83,884.0,840.0,9.0,
691,8,1350,1392,884.0,840.0,9.0,
692,8,41,83,884.0,840.0,9.0,
693,8,1350,1392,884.0,840.0,9.0,
694,8,1350,1392,884.0,840.0,9.0,
695,8,41,83,884.0,840.0,9.0,
696,8,1350,1392,884.0,840.0,9.0,
697,8,1350,1392,884.0,840.0,9.0,
698,8,41,83,884.0,840.0,9.0,
699,8,1350,1392,884.0,840.0,9.0,
700,8,1350,1392,884.0,840.0,9.0,
701,8,41,83,884.0,840.0,9.0,
702,8,1350,1392,884.0,840.0,9.0,
703,8,1350,1392,884.0,840.0,9.0,
704,8,41,83,884.0,840.0,9.0,
705,8,1350,1392,884.0,840.0,9.0,
706,8,1350,1392,884.0,840.0,9.0,
707,8,41,83,884.0,840.0,9.0,
708,8,1350,1392,884.0,840.0,9.0,
709,8,1350,1392,884.0,840.0,9.0,
710,8,1350,1392,884.0,840.0,9.0,
711,8,1350,1392,884.0,840.0,9.0,
712,8,1350,1392,884.0,840.0,9.0,
713,8,1350,1392,884.0,840.0,9.0,
714,8,1350,1392,884.0,840.0,9.0,
715,8,1350,1392,884.0,840.0,9.0,
716,8,1350,1392,884.0,840.0,9.0,
717,8,1350,1392,884.0,840.0,9.0,
718,8,1350,1392,884.0,840.0,9.0,
719,8,1350,1392,884.0,840.0,9.0,
720,8,1350,1392,884.0,840.0,9.0,
721,8,1350,1392,884.0,840.0,9.0,
722,8,1350,1392,884.0,840.0,9.0,
723,8,1350,1392,884.0,840.0,9.0,
724,8,1350,1392,884.0,840.0,9.0,
725,8,1350,1392,884.0,840.0,9.0,
726,8,41,83,884.0,840.0,9.0,
727,8,1350,1392,884.0,840.0,9.0,
728,8,41,83,884.0,840.0,9.0,
729,8,41,83,884.0,840.0,9.0,
730,8,1350,1392,884.0,840.0,9.0,
731,8,41,83,884.0,840.0,9.0,
732,8,41,83,884.0,840.0,9.0,
733,8,41,83,884.0,840.0,9.0,
734,8,1350,1392,884.0,840.0,9.0,
735,8,41,83,884.0,840.0,9.0,
736,8,41,83,884.0,840.0,9.0,
737,8,41,83,884.0,840.0,9.0,
738,8,1350,1392,884.0,840.0,9.0,
739,8,41,83,884.0,840.0,9.0,
740,8,41,83,884.0,840.0,9.0,
741,8,1350,1392,884.0,840.0,9.0,
742,8,1350,1392,884.0,840.0,9.0,
743,8,1350,1392,884.0,840.0,9.0,
744,8,41,83,884.0,840.0,9.0,
745,8,1350,1392,884.0,840.0,9.0,
746,8,1350,1392,884.0,840.0,9.0,
747,8,41,83,884.0,840.0,9.0,
748,8,1350,1392,884.0,840.0,9.0,
749,8,41,83,884.0,840.0,9.0,
750,8,1350,1392,884.0,840.0,9.0,
751,8,1350,1392,884.0,840.0,9.0,
752,8,41,83,884.0,840.0,9.0,
753,8,1350,1392,884.0,840.0,9.0,
754,8,1350,1392,884.0,840.0,9.0,
755,8,41,83,884.0,840.0,9.0,
756,8,1350,1392,884.0,840.0,9.0,
757,8,1350,1392,884.0,840.0,9.0,
758,8,41,83,884.0,840.0,9.0,
759,8,1350,1392,884.0,840.0,9.0,
760,8,1350,1392,884.0,840.0,9.0,
761,8,43,85,884.0,840.0,9.0,
762,8,1350,1392,884.0,840.0,9.0,
763,8,1350,1392,884.0,840.0,9.0,
764,8,1350,1392,884.0,840.0,9.0,
765,8,1350,1392,884.0,840.0,9.0,
766,8,1350,1392,884.0,840.0,9.0,
767,8,1350,1392,884.0,840.0,9.0,
768,8,1350,1392,884.0,840.0,9.0,
769,8,43,85,884.0,840.0,9.0,
770,8,1350,1392,884.0,840.0,9.0,
771,8,43,85,884.0,840.0,9.0,
772,8,43,85,884.0,840.0,9.0,
773,8,1350,1392,884.0,840.0,9.0,
774,8,43,85,884.0,840.0,9.0,
775,8,1350,1392,884.0,840.0,9.0,
776,8,43,85,884.0,840.0,9.0,
777,8,1350,1392,884.0,840.0,9.0,
778,8,1350,1392,884.0,840.0,9.0,
779,8,43,85,884.0,840.0,9.0,
780,8,1350,1392,884.0,840.0,9.0,
781,8,1350,1392,884.0,840.0,9.0,
782,8,43,85,884.0,840.0,9.0,
783,8,1350,1392,884.0,840.0,9.0,
784,8,1350,1392,884.0,840.0,9.0,
785,8,43,85,884.0,840.0,9.0,
786,8,1350,1392,884.0,840.0,9.0,
787,8,1350,1392,884.0,840.0,9.0,
788,8,43,85,884.0,840.0,9.0,
789,8,1350,1392,884.0,840.0,9.0,
790,8,1350,1392,884.0,840.0,9.0,
791,8,1350,1392,884.0,840.0,9.0,
792,8,1350,1392,884.0,840.0,9.0,
793,8,1350,1392,884.0,840.0,9.0,
794,8,1350,1392,884.0,840.0,9.0,
795,8,1350,1392,884.0,840.0,9.0,
796,8,1350,1392,884.0,840.0,9.0,
797,8,1350,1392,884.0,840.0,9.0,
798,8,1350,1392,884.0,840.0,9.0,
799,8,43,85,884.0,840.0,9.0,
800,8,43,85,884.0,840.0,9.0,
801,8,1350,1392,884.0,840.0,9.0,
802,8,1350,1392,884.0,840.0,9.0,
803,8,43,85,884.0,840.0,9.0,
804,8,43,85,884.0,840.0,9.0,
805,8,1350,1392,884.0,840.0,9.0,
806,8,43,85,884.0,840.0,9.0,
807,8,43,85,884.0,840.0,9.0,
808,8,1350,1392,884.0,840.0,9.0,
809,8,43,85,884.0,840.0,9.0,
810,8,1350,1392,884.0,840.0,9.0,
811,8,1350,1392,884.0,840.0,9.0,
812,8,43,85,884.0,840.0,9.0,
813,8,1350,1392,884.0,840.0,9.0,
814,8,1350,1392,884.0,840.0,9.0,
815,8,43,85,884.0,840.0,9.0,
816,8,1350,1392,884.0,840.0,9.0,
817,8,1350,1392,884.0,840.0,9.0,
818,8,43,85,884.0,840.0,9.0,
819,8,1350,1392,884.0,840.0,9.0,
820,8,1350,1392,884.0,840.0,9.0,
821,8,1350,1392,884.0,840.0,9.0,
822,8,43,85,884.0,840.0,9.0,
823,8,1350,1392,884.0,840.0,9.0,
824,8,43,85,884.0,840.0,9.0,
825,8,1350,1392,884.0,840.0,9.0,
826,8,1350,1392,884.0,840.0,9.0,
827,8,43,85,884.0,840.0,9.0,
828,8,1350,1392,884.0,840.0,9.0,
829,8,1350,1392,884.0,840.0,9.0,
830,8,43,85,884.0,840.0,9.0,
831,8,1350,1392,884.0,840.0,9.0,
832,8,1350,1392,884.0,840.0,9.0,
833,8,1350,1392,884.0,840.0,9.0,
834,8,1350,1392,884.0,840.0,9.0,
835,8,1350,1392,884.0,840.0,9.0,
836,8,43,85,884.0,840.0,9.0,
837,8,1350,1392,884.0,840.0,9.0,
838,8,1350,1392,884.0,840.0,9.0,
839,8,43,85,884.0,840.0,9.0,
840,8,43,85,884.0,840.0,9.0,
841,8,1350,1392,884.0,840.0,9.0,
842,8,43,85,884.0,840.0,9.0,
843,8,1350,1392,884.0,840.0,9.0,
844,8,1350,1392,884.0,840.0,9.0,
845,8,43,85,884.0,840.0,9.0,
846,8,1350,1392,884.0,840.0,9.0,
847,8,1350,1392,884.0,840.0,9.0,
848,8,1350,1392,884.0,840.0,9.0,
849,8,1350,1392,884.0,840.0,9.0,
850,8,1350,1392,884.0,840.0,9.0,
851,8,1350,1392,884.0,840.0,9.0,
852,8,1350,1392,884.0,840.0,9.0,
853,8,1350,1392,884.0,840.0,9.0,
854,8,1350,1392,884.0,840.0,9.0,
855,8,1350,1392,884.0,840.0,9.0,
856,8,1350,1392,884.0,840.0,9.0,
857,8,1350,1392,884.0,840.0,9.0,
858,8,1350,1392,884.0,840.0,9.0,
859,8,1350,1392,884.0,840.0,9.0,
860,8,1350,1392,884.0,840.0,9.0,
861,8,43,85,884.0,840.0,9.0,
862,8,43,85,884.0,840.0,9.0,
863,8,43,85,884.0,840.0,9.0,
864,8,43,85,884.0,840.0,9.0,
865,8,43,85,884.0,840.0,9.0,
866,8,43,85,884.0,840.0,9.0,
867,8,43,85,884.0,840.0,9.0,
868,8,1350,1392,884.0,840.0,9.0,
869,8,43,85,884.0,840.0,9.0,
870,8,1350,1392,884.0,840.0,9.0,
871,8,1350,1392,884.0,840.0,9.0,
872,8,43,85,884.0,840.0,9.0,
873,8,1350,1392,884.0,840.0,9.0,
874,8,1350,1392,884.0,840.0,9.0,
875,8,43,85,884.0,840.0,9.0,
876,8,1350,1392,884.0,840.0,9.0,
877,8,1350,1392,884.0,840.0,9.0,
878,8,43,85,884.0,840.0,9.0,
879,8,1350,1392,884.0,840.0,9.0,
880,8,89,131,884.0,840.0,9.0,
881,8,1350,1392,884.0,840.0,9.0,
882,8,1350,1392,884.0,840.0,9.0,
883,8,46,88,884.0,840.0,9.0,
884,8,1350,1392,884.0,840.0,9.0,
885,8,43,85,884.0,840.0,9.0,
886,8,1350,1392,884.0,840.0,9.0,
887,8,1350,1392,884.0,840.0,9.0,
888,8,43,85,884.0,840.0,9.0,
889,8,1350,1392,884.0,840.0,9.0,
890,8,1350,1392,884.0,840.0,9.0,
891,8,41,83,884.0,840.0,9.0,
892,8,1350,1392,884.0,840.0,9.0,
893,8,1350,1392,884.0,840.0,9.0,
894,8,1350,1392,884.0,840.0,9.0,
895,8,41,83,884.0,840.0,9.0,
896,8,1350,1392,884.0,840.0,9.0,
897,8,41,83,884.0,840.0,9.0,
898,8,1350,1392,884.0,840.0,9.0,
899,8,1350,1392,884.0,840.0,9.0,
900,8,1350,1392,884.0,840.0,9.0,
901,8,1350,1392,884.0,840.0,9.0,
902,8,1350,1392,884.0,840.0,9.0,
903,8,1350,1392,884.0,840.0,9.0,
904,8,1350,1392,884.0,840.0,9.0,
905,8,1350,1392,884.0,840.0,9.0,
906,8,1350,1392,884.0,840.0,9.0,
907,8,1350,1392,884.0,840.0,9.0,
908,8,1350,1392,884.0,840.0,9.0,
909,8,1350,1392,884.0,840.0,9.0,
910,8,1350,1392,884.0,840.0,9.0,
911,8,41,83,884.0,840.0,9.0,
912,8,41,83,884.0,840.0,9.0,
913,8,41,83,884.0,840.0,9.0,
914,8,41,83,884.0,840.0,9.0,
915,8,41,83,884.0,840.0,9.0,
916,8,41,83,884.0,840.0,9.0,
917,8,1350,1392,884.0,840.0,9.0,
918,8,1350,1392,884.0,840.0,9.0,
919,8,1350,1392,884.0,840.0,9.0,
920,8,1350,1392,884.0,840.0,9.0,
921,8,1350,1392,884.0,840.0,9.0,
922,8,1350,1392,884.0,840.0,9.0,
923,8,41,83,884.0,840.0,9.0,
924,8,41,83,884.0,840.0,9.0,
925,8,41,83,884.0,840.0,9.0,
926,8,1350,1392,884.0,840.0,9.0,
927,8,41,83,884.0,840.0,9.0,
928,8,1350,1392,884.0,840.0,9.0,
929,8,1350,1392,884.0,840.0,9.0,
930,8,1350,1392,884.0,840.0,9.0,
931,8,1350,1392,884.0,840.0,9.0,
932,8,1350,1392,884.0,840.0,9.0,
933,8,1350,1392,884.0,840.0,9.0,
934,8,1350,1392,884.0,840.0,9.0,
935,8,1350,1392,884.0,840.0,9.0,
936,8,1350,1392,884.0,840.0,9.0,
937,8,1350,1392,884.0,840.0,9.0,
938,8,1350,1392,884.0,840.0,9.0,
939,8,1350,1392,884.0,840.0,9.0,
940,8,41,83,884.0,840.0,9.0,
941,8,1350,1392,884.0,840.0,9.0,
942,8,1350,1392,884.0,840.0,9.0,
943,8,41,83,884.0,840.0,9.0,
944,8,41,83,884.0,840.0,9.0,
945,8,41,83,884.0,840.0,9.0,
946,8,41,83,884.0,840.0,9.0,
947,8,1350,1392,884.0,840.0,9.0,
948,8,1350,1392,884.0,840.0,9.0,
949,8,1350,1392,884.0,840.0,9.0,
950,8,41,83,884.0,840.0,9.0,
951,8,41,83,884.0,840.0,9.0,
952,8,41,83,884.0,840.0,9.0,
953,8,1350,1392,884.0,840.0,9.0,
954,8,41,83,884.0,840.0,9.0,
955,8,1350,1392,884.0,840.0,9.0,
956,8,1350,1392,884.0,840.0,9.0,
957,8,41,83,884.0,840.0,9.0,
958,8,1350,1392,884.0,840.0,9.0,
959,8,1350,1392,884.0,840.0,9.0,
960,8,41,83,884.0,840.0,9.0,
961,8,1350,1392,884.0,840.0,9.0,
962,8,1350,1392,884.0,840.0,9.0,
963,8,41,83,884.0,840.0,9.0,
964,8,1350,1392,884.0,840.0,9.0,
965,8,1350,1392,884.0,840.0,9.0,
966,8,41,83,884.0,840.0,9.0,
967,8,1350,1392,884.0,840.0,9.0,
968,8,1350,1392,884.0,840.0,9.0,
969,8,41,83,884.0,840.0,9.0,
970,8,1350,1392,884.0,840.0,9.0,
971,8,1350,1392,884.0,840.0,9.0,
972,8,41,83,884.0,840.0,9.0,
973,8,1350,1392,884.0,840.0,9.0,
974,8,1350,1392,884.0,840.0,9.0,
975,8,41,83,884.0,840.0,9.0,
976,8,1350,1392,884.0,840.0,9.0,
977,8,1350,1392,884.0,840.0,9.0,
978,8,41,83,884.0,840.0,9.0,
979,8,1350,1392,884.0,840.0,9.0,
980,8,1350,1392,884.0,840.0,9.0,
981,8,41,83,884.0,840.0,9.0,
982,8,1350,1392,884.0,840.0,9.0,
983,8,1350,1392,884.0,840.0,9.0,
984,8,41,83,884.0,840.0,9.0,
985,8,1350,1392,884.0,840.0,9.0,
986,8,1350,1392,884.0,840.0,9.0,
987,8,41,83,884.0,840.0,9.0,
988,8,1350,1392,884.0,840.0,9.0,
989,8,1350,1392,884.0,840.0,9.0,
990,8,1350,1392,884.0,840.0,9.0,
991,8,1350,1392,884.0,840.0,9.0,
992,8,1350,1392,884.0,840.0,9.0,
993,8,1350,1392,884.0,840.0,9.0,
994,8,1350,1392,884.0,840.0,9.0,
995,8,41,83,884.0,840.0,9.0,
996,8,1350,1392,884.0,840.0,9.0,
997,8,1350,1392,884.0,840.0,9.0,
998,8,41,83,884.0,840.0,9.0,
999,8,41,83,884.0,840.0,9.0,
1000,8,41,83,884.0,840.0,9.0,
1001,8,1350,1392,884.0,840.0,9.0,
1002,8,41,83,884.0,840.0,9.0,
1003,8,1350,1392,884.0,840.0,9.0,
1004,8,1350,1392,884.0,840.0,9.0,
1005,8,1350,1392,884.0,840.0,9.0,
1006,8,1350,1392,884.0,840.0,9.0,
1007,8,1350,1392,884.0,840.0,9.0,
1008,8,1350,1392,884.0,840.0,9.0,
1009,8,1350,1392,884.0,840.0,9.0,
1010,8,1350,1392,884.0,840.0,9.0,
1011,8,1350,1392,884.0,840.0,9.0,
1012,8,1350,1392,884.0,840.0,9.0,
1013,8,1350,1392,884.0,840.0,9.0,
1014,8,1350,1392,884.0,840.0,9.0,
1015,8,41,83,884.0,840.0,9.0,
1016,8,41,83,884.0,840.0,9.0,
1017,8,41,83,884.0,840.0,9.0,
1018,8,41,83,884.0,840.0,9.0,
1019,8,41,83,884.0,840.0,9.0,
1020,8,43,85,884.0,840.0,9.0,
1021,8,1350,1392,884.0,840.0,9.0,
1022,8,1350,1392,884.0,840.0,9.0,
1023,8,1350,1392,884.0,840.0,9.0,
1024,8,1350,1392,884.0,840.0,9.0,
1025,8,1350,1392,884.0,840.0,9.0,
1026,8,1350,1392,884.0,840.0,9.0,
1027,8,1350,1392,884.0,840.0,9.0,
1028,8,1350,1392,884.0,840.0,9.0,
1029,8,1350,1392,884.0,840.0,9.0,
1030,8,1350,1392,884.0,840.0,9.0,
1031,8,1350,1392,884.0,840.0,9.0,
1032,8,1350,1392,884.0,840.0,9.0,
1033,8,1350,1392,884.0,840.0,9.0,
1034,8,43,85,884.0,840.0,9.0,
1035,8,43,85,884.0,840.0,9.0,
1036,8,43,85,884.0,840.0,9.0,
1037,8,43,85,884.0,840.0,9.0,
1038,8,43,85,884.0,840.0,9.0,
1039,8,43,85,884.0,840.0,9.0,
1040,8,1350,1392,884.0,840.0,9.0,
1041,8,43,85,884.0,840.0,9.0,
1042,8,1350,1392,884.0,840.0,9.0,
1043,8,1350,1392,884.0,840.0,9.0,
1044,8,43,85,884.0,840.0,9.0,
1045,8,1350,1392,884.0,840.0,9.0,
1046,8,1350,1392,884.0,840.0,9.0,
1047,8,1350,1392,884.0,840.0,9.0,
1048,8,1350,1392,884.0,840.0,9.0,
1049,8,1350,1392,884.0,840.0,9.0,
1050,8,1350,1392,884.0,840.0,9.0,
1051,8,1350,1392,884.0,840.0,9.0,
1052,8,43,85,884.0,840.0,9.0,
1053,8,43,85,884.0,840.0,9.0,
1054,8,43,85,884.0,840.0,9.0,
1055,8,1350,1392,884.0,840.0,9.0,
1056,8,1350,1392,884.0,840.0,9.0,
1057,8,1350,1392,884.0,840.0,9.0,
1058,8,1350,1392,884.0,840.0,9.0,
1059,8,43,85,884.0,840.0,9.0,
1060,8,1350,1392,884.0,840.0,9.0,
1061,8,1350,1392,884.0,840.0,9.0,
1062,8,1350,1392,884.0,840.0,9.0,
1063,8,43,85,884.0,840.0,9.0,
1064,8,1350,1392,884.0,840.0,9.0,
1065,8,43,85,884.0,840.0,9.0,
1066,8,43,85,884.0,840.0,9.0,
1067,8,1350,1392,884.0,840.0,9.0,
1068,8,43,85,884.0,840.0,9.0,
1069,8,1350,1392,884.0,840.0,9.0,
1070,8,1350,1392,884.0,840.0,9.0,
1071,8,1350,1392,884.0,840.0,9.0,
1072,8,1350,1392,884.0,840.0,9.0,
1073,8,43,85,884.0,840.0,9.0,
1074,8,43,85,884.0,840.0,9.0,
1075,8,1350,1392,884.0,840.0,9.0,
1076,8,1350,1392,884.0,840.0,9.0,
1077,8,43,85,884.0,840.0,9.0,
1078,8,1350,1392,884.0,840.0,9.0,
1079,8,1350,1392,884.0,840.0,9.0,
1080,8,43,85,884.0,840.0,9.0,
1081,8,1350,1392,884.0,840.0,9.0,
1082,8,1350,1392,884.0,840.0,9.0,
1083,8,1350,1392,884.0,840.0,9.0,
1084,8,43,85,884.0,840.0,9.0,
1085,8,1350,1392,884.0,840.0,9.0,
1086,8,1350,1392,884.0,840.0,9.0,
1087,8,43,85,884.0,840.0,9.0,
1088,8,1350,1392,884.0,840.0,9.0,
1089,8,1350,1392,884.0,840.0,9.0,
1090,8,1350,1392,884.0,840.0,9.0,
1091,8,1350,1392,884.0,840.0,9.0,
1092,8,1350,1392,884.0,840.0,9.0,
1093,8,1350,1392,884.0,840.0,9.0,
1094,8,1350,1392,884.0,840.0,9.0,
1095,8,1350,1392,884.0,840.0,9.0,
1096,8,1350,1392,884.0,840.0,9.0,
1097,8,1350,1392,884.0,840.0,9.0,
1098,8,1350,1392,884.0,840.0,9.0,
1099,8,1350,1392,884.0,840.0,9.0,
1100,8,1350,1392,884.0,840.0,9.0,
1101,8,1350,1392,884.0,840.0,9.0,
1102,8,41,83,884.0,840.0,9.0,
1103,8,41,83,884.0,840.0,9.0,
1104,8,1350,1392,884.0,840.0,9.0,
1105,8,41,83,884.0,840.0,9.0,
1106,8,1350,1392,884.0,840.0,9.0,
1107,8,41,83,884.0,840.0,9.0,
1108,8,41,83,884.0,840.0,9.0,
1109,8,41,83,884.0,840.0,9.0,
1110,8,1350,1392,884.0,840.0,9.0,
1111,8,41,83,884.0,840.0,9.0,
1112,8,41,83,884.0,840.0,9.0,
1113,8,1350,1392,884.0,840.0,9.0,
1114,8,41,83,884.0,840.0,9.0,
1115,8,1350,1392,884.0,840.0,9.0,
1116,8,41,83,884.0,840.0,9.0,
1117,8,1350,1392,884.0,840.0,9.0,
1118,8,1350,1392,884.0,840.0,9.0,
1119,8,41,83,884.0,840.0,9.0,
1120,8,1350,1392,884.0,840.0,9.0,
1121,8,1350,1392,884.0,840.0,9.0,
1122,8,41,83,884.0,840.0,9.0,
1123,8,1350,1392,884.0,840.0,9.0,
1124,8,1350,1392,884.0,840.0,9.0,
1125,8,41,83,884.0,840.0,9.0,
1126,8,1350,1392,884.0,840.0,9.0,
1127,8,1350,1392,884.0,840.0,9.0,
1128,8,41,83,884.0,840.0,9.0,
1129,8,1350,1392,884.0,840.0,9.0,
1130,8,1350,1392,884.0,840.0,9.0,
1131,8,41,83,884.0,840.0,9.0,
1132,8,1350,1392,884.0,840.0,9.0,
1133,8,1350,1392,884.0,840.0,9.0,
1134,8,41,83,884.0,840.0,9.0,
1135,8,1350,1392,884.0,840.0,9.0,
1136,8,1350,1392,884.0,840.0,9.0,
1137,8,41,83,884.0,840.0,9.0,
1138,8,1350,1392,884.0,840.0,9.0,
1139,8,1350,1392,884.0,840.0,9.0,
1140,8,41,83,884.0,840.0,9.0,
1141,8,1350,1392,884.0,840.0,9.0,
1142,8,1350,1392,884.0,840.0,9.0,
1143,8,41,83,884.0,840.0,9.0,
1144,8,1350,1392,884.0,840.0,9.0,
1145,8,1350,1392,884.0,840.0,9.0,
1146,8,41,83,884.0,840.0,9.0,
1147,8,1350,1392,884.0,840.0,9.0,
1148,8,1350,1392,884.0,840.0,9.0,
1149,8,41,83,884.0,840.0,9.0,
1150,8,1350,1392,884.0,840.0,9.0,
1151,8,1350,1392,884.0,840.0,9.0,
1152,8,41,83,884.0,840.0,9.0,
1153,8,1350,1392,884.0,840.0,9.0,
1154,8,1350,1392,884.0,840.0,9.0,
1155,8,1350,1392,884.0,840.0,9.0,
1156,8,41,83,884.0,840.0,9.0,
1157,8,1350,1392,884.0,840.0,9.0,
1158,8,41,83,884.0,840.0,9.0,
1159,8,1350,1392,884.0,840.0,9.0,
1160,8,1350,1392,884.0,840.0,9.0,
1161,8,41,83,884.0,840.0,9.0,
1162,8,1350,1392,884.0,840.0,9.0,
1163,8,1350,1392,884.0,840.0,9.0,
1164,8,41,83,884.0,840.0,9.0,
1165,8,1350,1392,884.0,840.0,9.0,
1166,8,1350,1392,884.0,840.0,9.0,
1167,8,41,83,884.0,840.0,9.0,
1168,8,1350,1392,884.0,840.0,9.0,
1169,8,1350,1392,884.0,840.0,9.0,
1170,8,41,83,884.0,840.0,9.0,
1171,8,1350,1392,884.0,840.0,9.0,
1172,8,1350,1392,884.0,840.0,9.0,
1173,8,41,83,884.0,840.0,9.0,
1174,8,1350,1392,884.0,840.0,9.0,
1175,8,1350,1392,884.0,840.0,9.0,
1176,8,41,83,884.0,840.0,9.0,
1177,8,1350,1392,884.0,840.0,9.0,
1178,8,1350,1392,884.0,840.0,9.0,
1179,8,41,83,884.0,840.0,9.0,
1180,8,1350,1392,884.0,840.0,9.0,
1181,8,1350,1392,884.0,840.0,9.0,
1182,8,41,83,884.0,840.0,9.0,
1183,8,1350,1392,884.0,840.0,9.0,
1184,8,1350,1392,884.0,840.0,9.0,
1185,8,43,85,884.0,840.0,9.0,
1186,8,1350,1392,884.0,840.0,9.0,
1187,8,1350,1392,884.0,840.0,9.0,
1188,8,1350,1392,884.0,840.0,9.0,
1189,8,1350,1392,884.0,840.0,9.0,
1190,8,1350,1392,884.0,840.0,9.0,
1191,8,1350,1392,884.0,840.0,9.0,
1192,8,1350,1392,884.0,840.0,9.0,
1193,8,1350,1392,884.0,840.0,9.0,
1194,8,1350,1392,884.0,840.0,9.0,
1195,8,1350,1392,884.0,840.0,9.0,
1196,8,1350,1392,884.0,840.0,9.0,
1197,8,43,85,884.0,840.0,9.0,
1198,8,43,85,884.0,840.0,9.0,
1199,8,43,85,884.0,840.0,9.0,
1200,8,43,85,884.0,840.0,9.0,
1201,8,43,85,884.0,840.0,9.0,
1202,8,1350,1392,884.0,840.0,9.0,
1203,8,1350,1392,884.0,840.0,9.0,
1204,8,43,85,884.0,840.0,9.0,
1205,8,1350,1392,884.0,840.0,9.0,
1206,8,43,85,884.0,840.0,9.0,
1207,8,1350,1392,884.0,840.0,9.0,
1208,8,1350,1392,884.0,840.0,9.0,
1209,8,1350,1392,884.0,840.0,9.0,
1210,8,43,85,884.0,840.0,9.0,
1211,8,1350,1392,884.0,840.0,9.0,
1212,8,43,85,884.0,840.0,9.0,
1213,8,1350,1392,884.0,840.0,9.0,
1214,8,1350,1392,884.0,840.0,9.0,
1215,8,43,85,884.0,840.0,9.0,
1216,8,1350,1392,884.0,840.0,9.0,
1217,8,1350,1392,884.0,840.0,9.0,
1218,8,43,85,884.0,840.0,9.0,
1219,8,1350,1392,884.0,840.0,9.0,
1220,8,1350,1392,884.0,840.0,9.0,
1221,8,43,85,884.0,840.0,9.0,
1222,8,1350,1392,884.0,840.0,9.0,
1223,8,1350,1392,884.0,840.0,9.0,
1224,8,43,85,884.0,840.0,9.0,
1225,8,1350,1392,884.0,840.0,9.0,
1226,8,1350,1392,884.0,840.0,9.0,
1227,8,43,85,884.0,840.0,9.0,
1228,8,1350,1392,884.0,840.0,9.0,
1229,8,1350,1392,884.0,840.0,9.0,
1230,8,43,85,884.0,840.0,9.0,
1231,8,1350,1392,884.0,840.0,9.0,
1232,8,1350,1392,884.0,840.0,9.0,
1233,8,43,85,884.0,840.0,9.0,
1234,8,1350,1392,884.0,840.0,9.0,
1235,8,1350,1392,884.0,840.0,9.0,
1236,8,1350,1392,884.0,840.0,9.0,
1237,8,43,85,884.0,840.0,9.0,
1238,8,1350,1392,884.0,840.0,9.0,
1239,8,1350,1392,884.0,840.0,9.0,
1240,8,43,85,884.0,840.0,9.0,
1241,8,1350,1392,884.0,840.0,9.0,
1242,8,43,85,884.0,840.0,9.0,
1243,8,1350,1392,884.0,840.0,9.0,
1244,8,1350,1392,884.0,840.0,9.0,
1245,8,43,85,884.0,840.0,9.0,
1246,8,1350,1392,884.0,840.0,9.0,
1247,8,1350,1392,884.0,840.0,9.0,
1248,8,43,85,884.0,840.0,9.0,
1249,8,1350,1392,884.0,840.0,9.0,
1250,8,1350,1392,884.0,840.0,9.0,
1251,8,1350,1392,884.0,840.0,9.0,
1252,8,43,85,884.0,840.0,9.0,
1253,8,1350,1392,884.0,840.0,9.0,
1254,8,43,85,884.0,840.0,9.0,
1255,8,1350,1392,884.0,840.0,9.0,
1256,8,1350,1392,884.0,840.0,9.0,
1257,8,43,85,884.0,840.0,9.0,
1258,8,1350,1392,884.0,840.0,9.0,
1259,8,1350,1392,884.0,840.0,9.0,
1260,8,43,85,884.0,840.0,9.0,
1261,8,1350,1392,884.0,840.0,9.0,
1262,8,1350,1392,884.0,840.0,9.0,
1263,8,43,85,884.0,840.0,9.0,
1264,8,1350,1392,884.0,840.0,9.0,
1265,8,1350,1392,884.0,840.0,9.0,
1266,8,43,85,884.0,840.0,9.0,
1267,8,1350,1392,884.0,840.0,9.0,
1268,8,1350,1392,884.0,840.0,9.0,
1269,8,43,85,884.0,840.0,9.0,
1270,8,1350,1392,884.0,840.0,9.0,
1271,8,1350,1392,884.0,840.0,9.0,
1272,8,43,85,884.0,840.0,9.0,
1273,8,1350,1392,884.0,840.0,9.0,
1274,8,1350,1392,884.0,840.0,9.0,
1275,8,43,85,884.0,840.0,9.0,
1276,8,1350,1392,884.0,840.0,9.0,
1277,8,1350,1392,884.0,840.0,9.0,
1278,8,1350,1392,884.0,840.0,9.0,
1279,8,1350,1392,884.0,840.0,9.0,
1280,8,1350,1392,884.0,840.0,9.0,
1281,8,43,85,884.0,840.0,9.0,
1282,8,43,85,884.0,840.0,9.0,
1283,8,1350,1392,884.0,840.0,9.0,
1284,8,1350,1392,884.0,840.0,9.0,
1285,8,1350,1392,884.0,840.0,9.0,
1286,8,1350,1392,884.0,840.0,9.0,
1287,8,43,85,884.0,840.0,9.0,
1288,8,1350,1392,884.0,840.0,9.0,
1289,8,43,85,884.0,840.0,9.0,
1290,8,43,85,884.0,840.0,9.0,
1291,8,1350,1392,884.0,840.0,9.0,
1292,8,1350,1392,884.0,840.0,9.0,
1293,8,1350,1392,884.0,840.0,9.0,
1294,8,43,85,884.0,840.0,9.0,
1295,8,1350,1392,884.0,840.0,9.0,
1296,8,1350,1392,884.0,840.0,9.0,
1297,8,43,85,884.0,840.0,9.0,
1298,8,1350,1392,884.0,840.0,9.0,
1299,8,43,85,884.0,840.0,9.0,
1300,8,1350,1392,884.0,840.0,9.0,
1301,8,1350,1392,884.0,840.0,9.0,
1302,8,1350,1392,884.0,840.0,9.0,
1303,8,41,83,884.0,840.0,9.0,
1304,8,1350,1392,884.0,840.0,9.0,
1305,8,1350,1392,884.0,840.0,9.0,
1306,8,1350,1392,884.0,840.0,9.0,
1307,8,1350,1392,884.0,840.0,9.0,
1308,8,41,83,884.0,840.0,9.0,
1309,8,41,83,884.0,840.0,9.0,
1310,8,1350,1392,884.0,840.0,9.0,
1311,8,41,83,884.0,840.0,9.0,
1312,8,1350,1392,884.0,840.0,9.0,
1313,8,1350,1392,884.0,840.0,9.0,
1314,8,41,83,884.0,840.0,9.0,
1315,8,1350,1392,884.0,840.0,9.0,
1316,8,1350,1392,884.0,840.0,9.0,
1317,8,41,83,884.0,840.0,9.0,
1318,8,1350,1392,884.0,840.0,9.0,
1319,8,1350,1392,884.0,840.0,9.0,
1320,8,41,83,884.0,840.0,9.0,
1321,8,1350,1392,884.0,840.0,9.0,
1322,8,1350,1392,884.0,840.0,9.0,
1323,8,41,83,884.0,840.0,9.0,
1324,8,1350,1392,884.0,840.0,9.0,
1325,8,1350,1392,884.0,840.0,9.0,
1326,8,1350,1392,884.0,840.0,9.0,
1327,8,43,85,884.0,840.0,9.0,
1328,8,1350,1392,884.0,840.0,9.0,
1329,8,43,85,884.0,840.0,9.0,
1330,8,1350,1392,884.0,840.0,9.0,
1331,8,1350,1392,884.0,840.0,9.0,
1332,8,43,85,884.0,840.0,9.0,
1333,8,1350,1392,884.0,840.0,9.0,
1334,8,1350,1392,884.0,840.0,9.0,
1335,8,1350,1392,884.0,840.0,9.0,
1336,8,43,85,884.0,840.0,9.0,
1337,8,1350,1392,884.0,840.0,9.0,
1338,8,1350,1392,884.0,840.0,9.0,
1339,8,43,85,884.0,840.0,9.0,
1340,8,1350,1392,884.0,840.0,9.0,
1341,8,1350,1392,884.0,840.0,9.0,
1342,8,1350,1392,884.0,840.0,9.0,
1343,8,1350,1392,884.0,840.0,9.0,
1344,8,43,85,884.0,840.0,9.0,
1345,8,43,85,884.0,840.0,9.0,
1346,8,1350,1392,884.0,840.0,9.0,
1347,8,43,85,884.0,840.0,9.0,
1348,8,1350,1392,884.0,840.0,9.0,
1349,8,1350,1392,884.0,840.0,9.0,
1350,8,1350,1392,884.0,840.0,9.0,
1351,8,1350,1392,884.0,840.0,9.0,
1352,8,1350,1392,884.0,840.0,9.0,
1353,8,1350,1392,884.0,840.0,9.0,
1354,8,1350,1392,884.0,840.0,9.0,
1355,8,1350,1392,884.0,840.0,9.0,
1356,8,1350,1392,884.0,840.0,9.0,
1357,8,1350,1392,884.0,840.0,9.0,
1358,8,1350,1392,884.0,840.0,9.0,
1359,8,1350,1392,884.0,840.0,9.0,
1360,8,1350,1392,884.0,840.0,9.0,
1361,8,1350,1392,884.0,840.0,9.0,
1362,8,1350,1392,884.0,840.0,9.0,
1363,8,43,85,884.0,840.0,9.0,
1364,8,43,85,884.0,840.0,9.0,
1365,8,43,85,884.0,840.0,9.0,
1366,8,43,85,884.0,840.0,9.0,
1367,8,43,85,884.0,840.0,9.0,
1368,8,43,85,884.0,840.0,9.0,
1369,8,43,85,884.0,840.0,9.0,
1370,8,1350,1392,884.0,840.0,9.0,
1371,8,43,85,884.0,840.0,9.0,
1372,8,1350,1392,884.0,840.0,9.0,
1373,8,1350,1392,884.0,840.0,9.0,
1374,8,43,85,884.0,840.0,9.0,
1375,8,1350,1392,884.0,840.0,9.0,
1376,8,1350,1392,884.0,840.0,9.0,
1377,8,43,85,884.0,840.0,9.0,
1378,8,1350,1392,884.0,840.0,9.0,
1379,8,1350,1392,884.0,840.0,9.0,
1380,8,43,85,884.0,840.0,9.0,
1381,8,1350,1392,884.0,840.0,9.0,
1382,8,1350,1392,884.0,840.0,9.0,
1383,8,43,85,884.0,840.0,9.0,
1384,8,1350,1392,884.0,840.0,9.0,
1385,8,1350,1392,884.0,840.0,9.0,
1386,8,43,85,884.0,840.0,9.0,
1387,8,1350,1392,884.0,840.0,9.0,
1388,8,1350,1392,884.0,840.0,9.0,
1389,8,43,85,884.0,840.0,9.0,
1390,8,1350,1392,884.0,840.0,9.0,
1391,8,1350,1392,884.0,840.0,9.0,
1392,8,43,85,884.0,840.0,9.0,
1393,8,1350,1392,884.0,840.0,9.0,
1394,8,1350,1392,884.0,840.0,9.0,
1395,8,43,85,884.0,840.0,9.0,
1396,8,1350,1392,884.0,840.0,9.0,
1397,8,1350,1392,884.0,840.0,9.0,
1398,8,43,85,884.0,840.0,9.0,
1399,8,1350,1392,884.0,840.0,9.0,
1400,8,1350,1392,884.0,840.0,9.0,
1401,8,43,85,884.0,840.0,9.0,
1402,8,1350,1392,884.0,840.0,9.0,
1403,8,1350,1392,884.0,840.0,9.0,
1404,8,43,85,884.0,840.0,9.0,
1405,8,1350,1392,884.0,840.0,9.0,
1406,8,1350,1392,884.0,840.0,9.0,
1407,8,1350,1392,884.0,840.0,9.0,
1408,8,43,85,884.0,840.0,9.0,
1409,8,1350,1392,884.0,840.0,9.0,
1410,8,43,85,884.0,840.0,9.0,
1411,8,1350,1392,884.0,840.0,9.0,
1412,8,1350,1392,884.0,840.0,9.0,
1413,8,43,85,884.0,840.0,9.0,
1414,8,1350,1392,884.0,840.0,9.0,
1415,8,1350,1392,884.0,840.0,9.0,
1416,8,1350,1392,884.0,840.0,9.0,
1417,8,1350,1392,884.0,840.0,9.0,
1418,8,1350,1392,884.0,840.0,9.0,
1419,8,1350,1392,884.0,840.0,9.0,
1420,8,1350,1392,884.0,840.0,9.0,
1421,8,1350,1392,884.0,840.0,9.0,
1422,8,1350,1392,884.0,840.0,9.0,
1423,8,1350,1392,884.0,840.0,9.0,
1424,8,1350,1392,884.0,840.0,9.0,
1425,8,1350,1392,884.0,840.0,9.0,
1426,8,43,85,884.0,840.0,9.0,
1427,8,1350,1392,884.0,840.0,9.0,
1428,8,1350,1392,884.0,840.0,9.0,
1429,8,1350,1392,884.0,840.0,9.0,
1430,8,1350,1392,884.0,840.0,9.0,
1431,8,1350,1392,884.0,840.0,9.0,
1432,8,43,85,884.0,840.0,9.0,
1433,8,43,85,884.0,840.0,9.0,
1434,8,43,85,884.0,840.0,9.0,
1435,8,43,85,884.0,840.0,9.0,
1436,8,43,85,884.0,840.0,9.0,
1437,8,43,85,884.0,840.0,9.0,
1438,8,43,85,884.0,840.0,9.0,
1439,8,1350,1392,884.0,840.0,9.0,
1440,8,1350,1392,884.0,840.0,9.0,
1441,8,1350,1392,884.0,840.0,9.0,
1442,8,1350,1392,884.0,840.0,9.0,
1443,8,1350,1392,884.0,840.0,9.0,
1444,8,1350,1392,884.0,840.0,9.0,
1445,8,1350,1392,884.0,840.0,9.0,
1446,8,1350,1392,884.0,840.0,9.0,
1447,8,1350,1392,884.0,840.0,9.0,
1448,8,1350,1392,884.0,840.0,9.0,
1449,8,1350,1392,884.0,840.0,9.0,
1450,8,1350,1392,884.0,840.0,9.0,
1451,8,1350,1392,884.0,840.0,9.0,
1452,8,1350,1392,884.0,840.0,9.0,
1453,8,1350,1392,884.0,840.0,9.0,
1454,8,1350,1392,884.0,840.0,9.0,
1455,8,1350,1392,884.0,840.0,9.0,
1456,8,1350,1392,884.0,840.0,9.0,
1457,8,43,85,884.0,840.0,9.0,
1458,8,43,85,884.0,840.0,9.0,
1459,8,43,85,884.0,840.0,9.0,
1460,8,43,85,884.0,840.0,9.0,
1461,8,1350,1392,884.0,840.0,9.0,
1462,8,43,85,884.0,840.0,9.0,
1463,8,43,85,884.0,840.0,9.0,
1464,8,43,85,884.0,840.0,9.0,
1465,8,43,85,884.0,840.0,9.0,
1466,8,43,85,884.0,840.0,9.0,
1467,8,1350,1392,884.0,840.0,9.0,
1468,8,1350,1392,884.0,840.0,9.0,
1469,8,43,85,884.0,840.0,9.0,
1470,8,43,85,884.0,840.0,9.0,
1471,8,1350,1392,884.0,840.0,9.0,
1472,8,1350,1392,884.0,840.0,9.0,
1473,8,1350,1392,884.0,840.0,9.0,
1474,8,1350,1392,884.0,840.0,9.0,
1475,8,1350,1392,884.0,840.0,9.0,
1476,8,43,85,884.0,840.0,9.0,
1477,8,43,85,884.0,840.0,9.0,
1478,8,1350,1392,884.0,840.0,9.0,
1479,8,1350,1392,884.0,840.0,9.0,
1480,8,43,85,884.0,840.0,9.0,
1481,8,1350,1392,884.0,840.0,9.0,
1482,8,1350,1392,884.0,840.0,9.0,
1483,8,43,85,884.0,840.0,9.0,
1484,8,1350,1392,884.0,840.0,9.0,
1485,8,43,85,884.0,840.0,9.0,
1486,8,1350,1392,884.0,840.0,9.0,
1487,8,1350,1392,884.0,840.0,9.0,
1488,8,43,85,884.0,840.0,9.0,
1489,8,1350,1392,884.0,840.0,9.0,
1490,8,1350,1392,884.0,840.0,9.0,
1491,8,95,137,884.0,840.0,9.0,
1492,8,43,85,884.0,840.0,9.0,
1493,8,1350,1392,884.0,840.0,9.0,
1494,8,92,134,884.0,840.0,9.0,
1495,8,1350,1392,884.0,840.0,9.0,
1496,8,49,91,884.0,840.0,9.0,
1497,8,1350,1392,884.0,840.0,9.0,
1498,8,1350,1392,884.0,840.0,9.0,
1499,8,41,83,884.0,840.0,9.0,
1500,8,1350,1392,884.0,840.0,9.0,
1501,8,1350,1392,884.0,840.0,9.0,
1502,8,1350,1392,884.0,840.0,9.0,
1503,8,41,83,884.0,840.0,9.0,
1504,8,1350,1392,884.0,840.0,9.0,
1505,8,41,83,884.0,840.0,9.0,
1506,8,1350,1392,884.0,840.0,9.0,
1507,8,1350,1392,884.0,840.0,9.0,
1508,8,41,83,884.0,840.0,9.0,
1509,8,1350,1392,884.0,840.0,9.0,
1510,8,1350,1392,884.0,840.0,9.0,
1511,8,41,83,884.0,840.0,9.0,
1512,8,1350,1392,884.0,840.0,9.0,
1513,8,1350,1392,884.0,840.0,9.0,
1514,8,41,83,884.0,840.0,9.0,
1515,8,1350,1392,884.0,840.0,9.0,
1516,8,1350,1392,884.0,840.0,9.0,
1517,8,41,83,884.0,840.0,9.0,
1518,8,1350,1392,884.0,840.0,9.0,
1519,8,1350,1392,884.0,840.0,9.0,
1520,8,41,83,884.0,840.0,9.0,
1521,8,1350,1392,884.0,840.0,9.0,
1522,8,1350,1392,884.0,840.0,9.0,
1523,8,41,83,884.0,840.0,9.0,
1524,8,1350,1392,884.0,840.0,9.0,
1525,8,1350,1392,884.0,840.0,9.0,
1526,8,1350,1392,884.0,840.0,9.0,
1527,8,41,83,884.0,840.0,9.0,
1528,8,1350,1392,884.0,840.0,9.0,
1529,8,41,83,884.0,840.0,9.0,
1530,8,1350,1392,884.0,840.0,9.0,
1531,8,1350,1392,884.0,840.0,9.0,
1532,8,41,83,884.0,840.0,9.0,
1533,8,1350,1392,884.0,840.0,9.0,
1534,8,1350,1392,884.0,840.0,9.0,
1535,8,41,83,884.0,840.0,9.0,
1536,8,1350,1392,884.0,840.0,9.0,
1537,8,1350,1392,884.0,840.0,9.0,
1538,8,41,83,884.0,840.0,9.0,
1539,8,1350,1392,884.0,840.0,9.0,
1540,8,1350,1392,884.0,840.0,9.0,
1541,8,41,83,884.0,840.0,9.0,
1542,8,1350,1392,884.0,840.0,9.0,
1543,8,1350,1392,884.0,840.0,9.0,
1544,8,41,83,884.0,840.0,9.0,
1545,8,1350,1392,884.0,840.0,9.0,
1546,8,1350,1392,884.0,840.0,9.0,
1547,8,41,83,884.0,840.0,9.0,
1548,8,1350,1392,884.0,840.0,9.0,
1549,8,1350,1392,884.0,840.0,9.0,
1550,8,1350,1392,884.0,840.0,9.0,
1551,8,41,83,884.0,840.0,9.0,
1552,8,1350,1392,884.0,840.0,9.0,
1553,8,41,83,884.0,840.0,9.0,
1554,8,1350,1392,884.0,840.0,9.0,
1555,8,1350,1392,884.0,840.0,9.0,
1556,8,41,83,884.0,840.0,9.0,
1557,8,1350,1392,884.0,840.0,9.0,
1558,8,1350,1392,884.0,840.0,9.0,
1559,8,41,83,884.0,840.0,9.0,
1560,8,1350,1392,884.0,840.0,9.0,
1561,8,1350,1392,884.0,840.0,9.0,
1562,8,41,83,884.0,840.0,9.0,
1563,8,1350,1392,884.0,840.0,9.0,
1564,8,1350,1392,884.0,840.0,9.0,
1565,8,41,83,884.0,840.0,9.0,
1566,8,1350,1392,884.0,840.0,9.0,
1567,8,1350,1392,884.0,840.0,9.0,
1568,8,41,83,884.0,840.0,9.0,
1569,8,1350,1392,884.0,840.0,9.0,
1570,8,1350,1392,884.0,840.0,9.0,
1571,8,41,83,884.0,840.0,9.0,
1572,8,1350,1392,884.0,840.0,9.0,
1573,8,1350,1392,884.0,840.0,9.0,
1574,8,41,83,884.0,840.0,9.0,
1575,8,1350,1392,884.0,840.0,9.0,
1576,8,1350,1392,884.0,840.0,9.0,
1577,8,41,83,884.0,840.0,9.0,
1578,8,1350,1392,884.0,840.0,9.0,
1579,8,1350,1392,884.0,840.0,9.0,
1580,8,41,83,884.0,840.0,9.0,
1581,8,1350,1392,884.0,840.0,9.0,
1582,8,1350,1392,884.0,840.0,9.0,
1583,8,41,83,884.0,840.0,9.0,
1584,8,1350,1392,884.0,840.0,9.0,
1585,8,1350,1392,884.0,840.0,9.0,
1586,8,41,83,884.0,840.0,9.0,
1587,8,1350,1392,884.0,840.0,9.0,
1588,8,1350,1392,884.0,840.0,9.0,
1589,8,41,83,884.0,840.0,9.0,
1590,8,1350,1392,884.0,840.0,9.0,
1591,8,1350,1392,884.0,840.0,9.0,
1592,8,41,83,884.0,840.0,9.0,
1593,8,1350,1392,884.0,840.0,9.0,
1594,8,1350,1392,884.0,840.0,9.0,
1595,8,1350,1392,884.0,840.0,9.0,
1596,8,41,83,884.0,840.0,9.0,
1597,8,1350,1392,884.0,840.0,9.0,
1598,8,41,83,884.0,840.0,9.0,
1599,8,1350,1392,884.0,840.0,9.0,
1600,8,1350,1392,884.0,840.0,9.0,
1601,8,41,83,884.0,840.0,9.0,
1602,8,1350,1392,884.0,840.0,9.0,
1603,8,1350,1392,884.0,840.0,9.0,
1604,8,1350,1392,884.0,840.0,9.0,
1605,8,1350,1392,884.0,840.0,9.0,
1606,8,1350,1392,884.0,840.0,9.0,
1607,8,1350,1392,884.0,840.0,9.0,
1608,8,1350,1392,884.0,840.0,9.0,
1609,8,1350,1392,884.0,840.0,9.0,
1610,8,1350,1392,884.0,840.0,9.0,
1611,8,1350,1392,884.0,840.0,9.0,
1612,8,1350,1392,884.0,840.0,9.0,
1613,8,1350,1392,884.0,840.0,9.0,
1614,8,1350,1392,884.0,840.0,9.0,
1615,8,1350,1392,884.0,840.0,9.0,
1616,8,1350,1392,884.0,840.0,9.0,
1617,8,1350,1392,884.0,840.0,9.0,
1618,8,1350,1392,884.0,840.0,9.0,
1619,8,1350,1392,884.0,840.0,9.0,
1620,8,1350,1392,884.0,840.0,9.0,
1621,8,41,83,884.0,840.0,9.0,
1622,8,41,83,884.0,840.0,9.0,
1623,8,41,83,884.0,840.0,9.0,
1624,8,41,83,884.0,840.0,9.0,
1625,8,41,83,884.0,840.0,9.0,
1626,8,41,83,884.0,840.0,9.0,
1627,8,41,83,884.0,840.0,9.0,
1628,8,41,83,884.0,840.0,9.0,
1629,8,43,85,884.0,840.0,9.0,
1630,8,1350,1392,884.0,840.0,9.0,
1631,8,1350,1392,884.0,840.0,9.0,
1632,8,1350,1392,884.0,840.0,9.0,
1633,8,1350,1392,884.0,840.0,9.0,
1634,8,43,85,884.0,840.0,9.0,
1635,8,1350,1392,884.0,840.0,9.0,
1636,8,1350,1392,884.0,840.0,9.0,
1637,8,1350,1392,884.0,840.0,9.0,
1638,8,1350,1392,884.0,840.0,9.0,
1639,8,1350,1392,884.0,840.0,9.0,
1640,8,43,85,884.0,840.0,9.0,
1641,8,43,85,884.0,840.0,9.0,
1642,8,43,85,884.0,840.0,9.0,
1643,8,43,85,884.0,840.0,9.0,
1644,8,1350,1392,884.0,840.0,9.0,
1645,8,1350,1392,884.0,840.0,9.0,
1646,8,43,85,884.0,840.0,9.0,
1647,8,1350,1392,884.0,840.0,9.0,
1648,8,1350,1392,884.0,840.0,9.0,
1649,8,43,85,884.0,840.0,9.0,
1650,8,1350,1392,884.0,840.0,9.0,
1651,8,1350,1392,884.0,840.0,9.0,
1652,8,43,85,884.0,840.0,9.0,
1653,8,1350,1392,884.0,840.0,9.0,
1654,8,1350,1392,884.0,840.0,9.0,
1655,8,43,85,884.0,840.0,9.0,
1656,8,1350,1392,884.0,840.0,9.0,
1657,8,1350,1392,884.0,840.0,9.0,
1658,8,43,85,884.0,840.0,9.0,
1659,8,1350,1392,884.0,840.0,9.0,
1660,8,1350,1392,884.0,840.0,9.0,
1661,8,43,85,884.0,840.0,9.0,
1662,8,1350,1392,884.0,840.0,9.0,
1663,8,1350,1392,884.0,840.0,9.0,
1664,8,43,85,884.0,840.0,9.0,
1665,8,1350,1392,884.0,840.0,9.0,
1666,8,1350,1392,884.0,840.0,9.0,
1667,8,43,85,884.0,840.0,9.0,
1668,8,1350,1392,884.0,840.0,9.0,
1669,8,1350,1392,884.0,840.0,9.0,
1670,8,43,85,884.0,840.0,9.0,
1671,8,1350,1392,884.0,840.0,9.0,
1672,8,1350,1392,884.0,840.0,9.0,
1673,8,43,85,884.0,840.0,9.0,
1674,8,1350,1392,884.0,840.0,9.0,
1675,8,1350,1392,884.0,840.0,9.0,
1676,8,43,85,884.0,840.0,9.0,
1677,8,1350,1392,884.0,840.0,9.0,
1678,8,1350,1392,884.0,840.0,9.0,
1679,8,43,85,884.0,840.0,9.0,
1680,8,1350,1392,884.0,840.0,9.0,
1681,8,1350,1392,884.0,840.0,9.0,
1682,8,1350,1392,884.0,840.0,9.0,
1683,8,43,85,884.0,840.0,9.0,
1684,8,1350,1392,884.0,840.0,9.0,
1685,8,43,85,884.0,840.0,9.0,
1686,8,1350,1392,884.0,840.0,9.0,
1687,8,1350,1392,884.0,840.0,9.0,
1688,8,1350,1392,884.0,840.0,9.0,
1689,8,1350,1392,884.0,840.0,9.0,
1690,8,1350,1392,884.0,840.0,9.0,
1691,8,43,85,884.0,840.0,9.0,
1692,8,43,85,884.0,840.0,9.0,
1693,8,1350,1392,884.0,840.0,9.0,
1694,8,1350,1392,884.0,840.0,9.0,
1695,8,43,85,884.0,840.0,9.0,
1696,8,1350,1392,884.0,840.0,9.0,
1697,8,43,85,884.0,840.0,9.0,
1698,8,1350,1392,884.0,840.0,9.0,
1699,8,1350,1392,884.0,840.0,9.0,
1700,8,1350,1392,884.0,840.0,9.0,
1701,8,1350,1392,884.0,840.0,9.0,
1702,8,1350,1392,884.0,840.0,9.0,
1703,8,1350,1392,884.0,840.0,9.0,
1704,8,1350,1392,884.0,840.0,9.0,
1705,8,1350,1392,884.0,840.0,9.0,
1706,8,1350,1392,884.0,840.0,9.0,
1707,8,1350,1392,884.0,840.0,9.0,
1708,8,1350,1392,884.0,840.0,9.0,
1709,8,1350,1392,884.0,840.0,9.0,
1710,8,1350,1392,884.0,840.0,9.0,
1711,8,1350,1392,884.0,840.0,9.0,
1712,8,1350,1392,884.0,840.0,9.0,
1713,8,43,85,884.0,840.0,9.0,
1714,8,43,85,884.0,840.0,9.0,
1715,8,43,85,884.0,840.0,9.0,
1716,8,43,85,884.0,840.0,9.0,
1717,8,43,85,884.0,840.0,9.0,
1718,8,43,85,884.0,840.0,9.0,
1719,8,43,85,884.0,840.0,9.0,
1720,8,1350,1392,884.0,840.0,9.0,
1721,8,1350,1392,884.0,840.0,9.0,
1722,8,1350,1392,884.0,840.0,9.0,
1723,8,1350,1392,884.0,840.0,9.0,
1724,8,1350,1392,884.0,840.0,9.0,
1725,8,1350,1392,884.0,840.0,9.0,
1726,8,1350,1392,884.0,840.0,9.0,
1727,8,1350,1392,884.0,840.0,9.0,
1728,8,1350,1392,884.0,840.0,9.0,
1729,8,1350,1392,884.0,840.0,9.0,
1730,8,1350,1392,884.0,840.0,9.0,
1731,8,1350,1392,884.0,840.0,9.0,
1732,8,1350,1392,884.0,840.0,9.0,
1733,8,1350,1392,884.0,840.0,9.0,
1734,8,43,85,884.0,840.0,9.0,
1735,8,43,85,884.0,840.0,9.0,
1736,8,1350,1392,884.0,840.0,9.0,
1737,8,43,85,884.0,840.0,9.0,
1738,8,43,85,884.0,840.0,9.0,
1739,8,43,85,884.0,840.0,9.0,
1740,8,43,85,884.0,840.0,9.0,
1741,8,43,85,884.0,840.0,9.0,
1742,8,43,85,884.0,840.0,9.0,
1743,8,1350,1392,884.0,840.0,9.0,
1744,8,1350,1392,884.0,840.0,9.0,
1745,8,1350,1392,884.0,840.0,9.0,
1746,8,1350,1392,884.0,840.0,9.0,
1747,8,43,85,884.0,840.0,9.0,
1748,8,43,85,884.0,840.0,9.0,
1749,8,1350,1392,884.0,840.0,9.0,
1750,8,1350,1392,884.0,840.0,9.0,
1751,8,1350,1392,884.0,840.0,9.0,
1752,8,1350,1392,884.0,840.0,9.0,
1753,8,43,85,884.0,840.0,9.0,
1754,8,43,85,884.0,840.0,9.0,
1755,8,1350,1392,884.0,840.0,9.0,
1756,8,1350,1392,884.0,840.0,9.0,
1757,8,1350,1392,884.0,840.0,9.0,
1758,8,1350,1392,884.0,840.0,9.0,
1759,8,1350,1392,884.0,840.0,9.0,
1760,8,1350,1392,884.0,840.0,9.0,
1761,8,1350,1392,884.0,840.0,9.0,
1762,8,1350,1392,884.0,840.0,9.0,
1763,8,1350,1392,884.0,840.0,9.0,
1764,8,43,85,884.0,840.0,9.0,
1765,8,43,85,884.0,840.0,9.0,
1766,8,43,85,884.0,840.0,9.0,
1767,8,43,85,884.0,840.0,9.0,
1768,8,1350,1392,884.0,840.0,9.0,
1769,8,43,85,884.0,840.0,9.0,
1770,8,1350,1392,884.0,840.0,9.0,
1771,8,1350,1392,884.0,840.0,9.0,
1772,8,43,85,884.0,840.0,9.0,
1773,8,1350,1392,884.0,840.0,9.0,
1774,8,1350,1392,884.0,840.0,9.0,
1775,8,1350,1392,884.0,840.0,9.0,
1776,8,43,85,884.0,840.0,9.0,
1777,8,1350,1392,884.0,840.0,9.0,
1778,8,43,85,884.0,840.0,9.0,
1779,8,1350,1392,884.0,840.0,9.0,
1780,8,1350,1392,884.0,840.0,9.0,
1781,8,43,85,884.0,840.0,9.0,
1782,8,1350,1392,884.0,840.0,9.0,
1783,8,1350,1392,884.0,840.0,9.0,
1784,8,43,85,884.0,840.0,9.0,
1785,8,1350,1392,884.0,840.0,9.0,
1786,8,1350,1392,884.0,840.0,9.0,
1787,8,43,85,884.0,840.0,9.0,
1788,8,1350,1392,884.0,840.0,9.0,
1789,8,1350,1392,884.0,840.0,9.0,
1790,8,43,85,884.0,840.0,9.0,
1791,8,1350,1392,884.0,840.0,9.0,
1792,8,1350,1392,884.0,840.0,9.0,
1793,8,1350,1392,884.0,840.0,9.0,
1794,8,43,85,884.0,840.0,9.0,
1795,8,1350,1392,884.0,840.0,9.0,
1796,8,41,83,884.0,840.0,9.0,
1797,8,1350,1392,884.0,840.0,9.0,
1798,8,1350,1392,884.0,840.0,9.0,
1799,8,41,83,884.0,840.0,9.0,
1800,8,1350,1392,884.0,840.0,9.0,
1801,8,1350,1392,884.0,840.0,9.0,
1802,8,1350,1392,884.0,840.0,9.0,
1803,8,1350,1392,884.0,840.0,9.0,
1804,8,1350,1392,884.0,840.0,9.0,
1805,8,1350,1392,884.0,840.0,9.0,
1806,8,1350,1392,884.0,840.0,9.0,
1807,8,1350,1392,884.0,840.0,9.0,
1808,8,1350,1392,884.0,840.0,9.0,
1809,8,1350,1392,884.0,840.0,9.0,
1810,8,1350,1392,884.0,840.0,9.0,
1811,8,41,83,884.0,840.0,9.0,
1812,8,41,83,884.0,840.0,9.0,
1813,8,41,83,884.0,840.0,9.0,
1814,8,43,85,884.0,840.0,9.0,
1815,8,43,85,884.0,840.0,9.0,
1816,8,1350,1392,884.0,840.0,9.0,
1817,8,1350,1392,884.0,840.0,9.0,
1818,8,1350,1392,884.0,840.0,9.0,
1819,8,43,85,884.0,840.0,9.0,
1820,8,43,85,884.0,840.0,9.0,
1821,8,1350,1392,884.0,840.0,9.0,
1822,8,1350,1392,884.0,840.0,9.0,
1823,8,1350,1392,884.0,840.0,9.0,
1824,8,1350,1392,884.0,840.0,9.0,
1825,8,1350,1392,884.0,840.0,9.0,
1826,8,1350,1392,884.0,840.0,9.0,
1827,8,1350,1392,884.0,840.0,9.0,
1828,8,1350,1392,884.0,840.0,9.0,
1829,8,1350,1392,884.0,840.0,9.0,
1830,8,1350,1392,884.0,840.0,9.0,
1831,8,1350,1392,884.0,840.0,9.0,
1832,8,1350,1392,884.0,840.0,9.0,
1833,8,43,85,884.0,840.0,9.0,
1834,8,1350,1392,884.0,840.0,9.0,
1835,8,1350,1392,884.0,840.0,9.0,
1836,8,1350,1392,884.0,840.0,9.0,
1837,8,1350,1392,884.0,840.0,9.0,
1838,8,1350,1392,884.0,840.0,9.0,
1839,8,1350,1392,884.0,840.0,9.0,
1840,8,1350,1392,884.0,840.0,9.0,
1841,8,1350,1392,884.0,840.0,9.0,
1842,8,1350,1392,884.0,840.0,9.0,
1843,8,43,85,884.0,840.0,9.0,
1844,8,43,85,884.0,840.0,9.0,
1845,8,43,85,884.0,840.0,9.0,
1846,8,43,85,884.0,840.0,9.0,
1847,8,43,85,884.0,840.0,9.0,
1848,8,43,85,884.0,840.0,9.0,
1849,8,43,85,884.0,840.0,9.0,
1850,8,43,85,884.0,840.0,9.0,
1851,8,43,85,884.0,840.0,9.0,
1852,8,1350,1392,884.0,840.0,9.0,
1853,8,1350,1392,884.0,840.0,9.0,
1854,8,1350,1392,884.0,840.0,9.0,
1855,8,1350,1392,884.0,840.0,9.0,
1856,8,1350,1392,884.0,840.0,9.0,
1857,8,1350,1392,884.0,840.0,9.0,
1858,8,1350,1392,884.0,840.0,9.0,
1859,8,1350,1392,884.0,840.0,9.0,
1860,8,43,85,884.0,840.0,9.0,
1861,8,43,85,884.0,840.0,9.0,
1862,8,43,85,884.0,840.0,9.0,
1863,8,43,85,884.0,840.0,9.0,
1864,8,1350,1392,884.0,840.0,9.0,
1865,8,1350,1392,884.0,840.0,9.0,
1866,8,43,85,884.0,840.0,9.0,
1867,8,1350,1392,884.0,840.0,9.0,
1868,8,1350,1392,884.0,840.0,9.0,
1869,8,43,85,884.0,840.0,9.0,
1870,8,1350,1392,884.0,840.0,9.0,
1871,8,43,85,884.0,840.0,9.0,
1872,8,1350,1392,884.0,840.0,9.0,
1873,8,1350,1392,884.0,840.0,9.0,
1874,8,1350,1392,884.0,840.0,9.0,
1875,8,1350,1392,884.0,840.0,9.0,
1876,8,1350,1392,884.0,840.0,9.0,
1877,8,1350,1392,884.0,840.0,9.0,
1878,8,1350,1392,884.0,840.0,9.0,
1879,8,1350,1392,884.0,840.0,9.0,
1880,8,43,85,884.0,840.0,9.0,
1881,8,43,85,884.0,840.0,9.0,
1882,8,43,85,884.0,840.0,9.0,
1883,8,43,85,884.0,840.0,9.0,
1884,8,1350,1392,884.0,840.0,9.0,
1885,8,1350,1392,884.0,840.0,9.0,
1886,8,1350,1392,884.0,840.0,9.0,
1887,8,1350,1392,884.0,840.0,9.0,
1888,8,1350,1392,884.0,840.0,9.0,
1889,8,43,85,884.0,840.0,9.0,
1890,8,43,85,884.0,840.0,9.0,
1891,8,1350,1392,884.0,840.0,9.0,
1892,8,43,85,884.0,840.0,9.0,
1893,8,1350,1392,884.0,840.0,9.0,
1894,8,1350,1392,884.0,840.0,9.0,
1895,8,1350,1392,884.0,840.0,9.0,
1896,8,1350,1392,884.0,840.0,9.0,
1897,8,43,85,884.0,840.0,9.0,
1898,8,1350,1392,884.0,840.0,9.0,
1899,8,43,85,884.0,840.0,9.0,
1900,8,1350,1392,884.0,840.0,9.0,
1901,8,43,85,884.0,840.0,9.0,
1902,8,1350,1392,884.0,840.0,9.0,
1903,8,1350,1392,884.0,840.0,9.0,
1904,8,43,85,884.0,840.0,9.0,
1905,8,1350,1392,884.0,840.0,9.0,
1906,8,1350,1392,884.0,840.0,9.0,
1907,8,43,85,884.0,840.0,9.0,
1908,8,1350,1392,884.0,840.0,9.0,
1909,8,1350,1392,884.0,840.0,9.0,
1910,8,43,85,884.0,840.0,9.0,
1911,8,1350,1392,884.0,840.0,9.0,
1912,8,1350,1392,884.0,840.0,9.0,
1913,8,1350,1392,884.0,840.0,9.0,
1914,8,43,85,884.0,840.0,9.0,
1915,8,1350,1392,884.0,840.0,9.0,
1916,8,43,85,884.0,840.0,9.0,
1917,8,1350,1392,884.0,840.0,9.0,
1918,8,1350,1392,884.0,840.0,9.0,
1919,8,43,85,884.0,840.0,9.0,
1920,8,1350,1392,884.0,840.0,9.0,
1921,8,1350,1392,884.0,840.0,9.0,
1922,8,43,85,884.0,840.0,9.0,
1923,8,1350,1392,884.0,840.0,9.0,
1924,8,1350,1392,884.0,840.0,9.0,
1925,8,43,85,884.0,840.0,9.0,
1926,8,1350,1392,884.0,840.0,9.0,
1927,8,1350,1392,884.0,840.0,9.0,
1928,8,43,85,884.0,840.0,9.0,
1929,8,1350,1392,884.0,840.0,9.0,
1930,8,1350,1392,884.0,840.0,9.0,
1931,8,1350,1392,884.0,840.0,9.0,
1932,8,1350,1392,884.0,840.0,9.0,
1933,8,43,85,884.0,840.0,9.0,
1934,8,1350,1392,884.0,840.0,9.0,
1935,8,43,85,884.0,840.0,9.0,
1936,8,1350,1392,884.0,840.0,9.0,
1937,8,43,85,884.0,840.0,9.0,
1938,8,1350,1392,884.0,840.0,9.0,
1939,8,1350,1392,884.0,840.0,9.0,
1940,8,1350,1392,884.0,840.0,9.0,
1941,8,43,85,884.0,840.0,9.0,
1942,8,1350,1392,884.0,840.0,9.0,
1943,8,43,85,884.0,840.0,9.0,
1944,8,1350,1392,884.0,840.0,9.0,
1945,8,1350,1392,884.0,840.0,9.0,
1946,8,43,85,884.0,840.0,9.0,
1947,8,1350,1392,884.0,840.0,9.0,
1948,8,107,149,884.0,840.0,9.0,
1949,8,1350,1392,884.0,840.0,9.0,
1950,8,1350,1392,884.0,840.0,9.0,
1951,8,1350,1392,884.0,840.0,9.0,
1952,8,44,86,884.0,840.0,9.0,
1953,8,41,83,884.0,840.0,9.0,
1954,8,1350,1392,884.0,840.0,9.0,
1955,8,1350,1392,884.0,840.0,9.0,
1956,8,41,83,884.0,840.0,9.0,
1957,8,1350,1392,884.0,840.0,9.0,
1958,8,1350,1392,884.0,840.0,9.0,
1959,8,41,83,884.0,840.0,9.0,
1960,8,1350,1392,884.0,840.0,9.0,
1961,8,1350,1392,884.0,840.0,9.0,
1962,8,41,83,884.0,840.0,9.0,
1963,8,1350,1392,884.0,840.0,9.0,
1964,8,1350,1392,884.0,840.0,9.0,
1965,8,41,83,884.0,840.0,9.0,
1966,8,1350,1392,884.0,840.0,9.0,
1967,8,1350,1392,884.0,840.0,9.0,
1968,8,41,83,884.0,840.0,9.0,
1969,8,1350,1392,884.0,840.0,9.0,
1970,8,1350,1392,884.0,840.0,9.0,
1971,8,41,83,884.0,840.0,9.0,
1972,8,1350,1392,884.0,840.0,9.0,
1973,8,1350,1392,884.0,840.0,9.0,
1974,8,41,83,884.0,840.0,9.0,
1975,8,1350,1392,884.0,840.0,9.0,
1976,8,1350,1392,884.0,840.0,9.0,
1977,8,41,83,884.0,840.0,9.0,
1978,8,1350,1392,884.0,840.0,9.0,
1979,8,1350,1392,884.0,840.0,9.0,
1980,8,41,83,884.0,840.0,9.0,
1981,8,1350,1392,884.0,840.0,9.0,
1982,8,1350,1392,884.0,840.0,9.0,
1983,8,41,83,884.0,840.0,9.0,
1984,8,1350,1392,884.0,840.0,9.0,
1985,8,1350,1392,884.0,840.0,9.0,
1986,8,1350,1392,884.0,840.0,9.0,
1987,8,1350,1392,884.0,840.0,9.0,
1988,8,1350,1392,884.0,840.0,9.0,
1989,8,1350,1392,884.0,840.0,9.0,
1990,8,1350,1392,884.0,840.0,9.0,
1991,8,1350,1392,884.0,840.0,9.0,
1992,8,1350,1392,884.0,840.0,9.0,
1993,8,1350,1392,884.0,840.0,9.0,
1994,8,1350,1392,884.0,840.0,9.0,
1995,8,1350,1392,884.0,840.0,9.0,
1996,8,1350,1392,884.0,840.0,9.0,
1997,8,1350,1392,884.0,840.0,9.0,
1998,8,1350,1392,884.0,840.0,9.0,
1999,8,1350,1392,884.0,840.0,9.0,
2000,8,1350,1392,884.0,840.0,9.0,
2001,8,41,83,884.0,840.0,9.0,
2002,8,41,83,884.0,840.0,9.0,
2003,8,41,83,884.0,840.0,9.0,
2004,8,41,83,884.0,840.0,9.0,
2005,8,41,83,884.0,840.0,9.0,
2006,8,41,83,884.0,840.0,9.0,
2007,8,41,83,884.0,840.0,9.0,
2008,8,41,83,884.0,840.0,9.0,
2009,8,1350,1392,884.0,840.0,9.0,
2010,8,41,83,884.0,840.0,9.0,
2011,8,1350,1392,884.0,840.0,9.0,
2012,8,1350,1392,884.0,840.0,9.0,
2013,8,41,83,884.0,840.0,9.0,
2014,8,1350,1392,884.0,840.0,9.0,
2015,8,1350,1392,884.0,840.0,9.0,
2016,8,41,83,884.0,840.0,9.0,
2017,8,1350,1392,884.0,840.0,9.0,
2018,8,1350,1392,884.0,840.0,9.0,
2019,8,41,83,884.0,840.0,9.0,
2020,8,1350,1392,884.0,840.0,9.0,
2021,8,1350,1392,884.0,840.0,9.0,
2022,8,41,83,884.0,840.0,9.0,
2023,8,1350,1392,884.0,840.0,9.0,
2024,8,852,894,884.0,840.0,9.0,
2025,8,41,83,884.0,840.0,9.0,
2026,8,92,134,884.0,840.0,9.0,
2027,8,1350,1392,884.0,840.0,9.0,
2028,8,1129,1171,884.0,840.0,9.0,
2029,8,1350,1392,884.0,840.0,9.0,
2030,8,1350,1392,884.0,840.0,9.0,
2031,8,40,82,884.0,840.0,9.0,
2032,8,32,74,884.0,840.0,9.0,
2033,8,324,366,884.0,840.0,9.0,
2034,8,40,82,884.0,840.0,9.0,
2037,8,326,368,884.0,840.0,9.0,
2044,8,440,482,884.0,840.0,9.0,
2045,8,85,127,884.0,840.0,9.0,
2046,8,37,79,884.0,840.0,9.0,
2047,8,1350,1392,884.0,840.0,9.0,
2048,8,412,454,884.0,840.0,9.0,
2049,8,126,168,884.0,840.0,9.0,
2050,8,84,126,884.0,840.0,9.0,
2051,8,463,505,884.0,840.0,9.0,
2052,8,1350,1392,884.0,840.0,9.0,
2053,8,182,224,884.0,840.0,9.0,
2054,8,40,82,884.0,840.0,9.0,
2055,8,40,82,884.0,840.0,9.0,
2056,8,1350,1392,884.0,840.0,9.0,
2057,8,1350,1392,884.0,840.0,9.0,
2058,8,1350,1392,884.0,840.0,9.0,
2059,8,1350,1392,884.0,840.0,9.0,
2060,8,1350,1392,884.0,840.0,9.0,
2061,8,1350,1392,884.0,840.0,9.0,
2062,8,1350,1392,884.0,840.0,9.0,
2063,8,1350,1392,884.0,840.0,9.0,
2064,8,1350,1392,884.0,840.0,9.0,
2065,8,1350,1392,884.0,840.0,9.0,
2066,8,1350,1392,884.0,840.0,9.0,
2067,8,1350,1392,884.0,840.0,9.0,
2068,8,1350,1392,884.0,840.0,9.0,
2069,8,1350,1392,884.0,840.0,9.0,
2070,8,40,82,884.0,840.0,9.0,
2071,8,40,82,884.0,840.0,9.0,
2072,8,40,82,884.0,840.0,9.0,
2073,8,40,82,884.0,840.0,9.0,
2074,8,40,82,884.0,840.0,9.0,
2075,8,40,82,884.0,840.0,9.0,
2076,8,40,82,884.0,840.0,9.0,
2077,8,1350,1392,884.0,840.0,9.0,
2078,8,1350,1392,884.0,840.0,9.0,
2079,8,1350,1392,884.0,840.0,9.0,
2080,8,1350,1392,884.0,840.0,9.0,
2081,8,40,82,884.0,840.0,9.0,
2082,8,1350,1392,884.0,840.0,9.0,
2083,8,40,82,884.0,840.0,9.0,
2084,8,1350,1392,884.0,840.0,9.0,
2085,8,40,82,884.0,840.0,9.0,
2086,8,1350,1392,884.0,840.0,9.0,
2087,8,1350,1392,884.0,840.0,9.0,
2088,8,1350,1392,884.0,840.0,9.0,
2089,8,1350,1392,884.0,840.0,9.0,
2090,8,1350,1392,884.0,840.0,9.0,
2091,8,1350,1392,884.0,840.0,9.0,
2092,8,1350,1392,884.0,840.0,9.0,
2093,8,32,74,884.0,840.0,9.0,
2094,8,40,82,884.0,840.0,9.0,
2095,8,40,82,884.0,840.0,9.0,
2096,8,40,82,884.0,840.0,9.0,
2097,8,1350,1392,884.0,840.0,9.0,
2098,8,40,82,884.0,840.0,9.0,
2099,8,1350,1392,884.0,840.0,9.0,
2100,8,1350,1392,884.0,840.0,9.0,
2101,8,1350,1392,884.0,840.0,9.0,
2102,8,1350,1392,884.0,840.0,9.0,
2103,8,1350,1392,884.0,840.0,9.0,
2104,8,1350,1392,884.0,840.0,9.0,
2105,8,40,82,884.0,840.0,9.0,
2106,8,40,82,884.0,840.0,9.0,
2107,8,40,82,884.0,840.0,9.0,
2108,8,1350,1392,884.0,840.0,9.0,
2109,8,1350,1392,884.0,840.0,9.0,
2110,8,40,82,884.0,840.0,9.0,
2111,8,1350,1392,884.0,840.0,9.0,
2112,8,1350,1392,884.0,840.0,9.0,
2113,8,40,82,884.0,840.0,9.0,
2114,8,1350,1392,884.0,840.0,9.0,
2115,8,1350,1392,884.0,840.0,9.0,
2116,8,40,82,884.0,840.0,9.0,
2117,8,1350,1392,884.0,840.0,9.0,
2118,8,1350,1392,884.0,840.0,9.0,
2119,8,40,82,884.0,840.0,9.0,
2120,8,1350,1392,884.0,840.0,9.0,
2121,8,1350,1392,884.0,840.0,9.0,
2122,8,40,82,884.0,840.0,9.0,
2123,8,1350,1392,884.0,840.0,9.0,
2124,8,1350,1392,884.0,840.0,9.0,
2125,8,40,82,884.0,840.0,9.0,
2126,8,1350,1392,884.0,840.0,9.0,
2127,8,1350,1392,884.0,840.0,9.0,
2128,8,40,82,884.0,840.0,9.0,
2129,8,1350,1392,884.0,840.0,9.0,
2130,8,1350,1392,884.0,840.0,9.0,
2131,8,40,82,884.0,840.0,9.0,
2132,8,1350,1392,884.0,840.0,9.0,
2133,8,1350,1392,884.0,840.0,9.0,
2134,8,40,82,884.0,840.0,9.0,
2135,8,1350,1392,884.0,840.0,9.0,
2136,8,1350,1392,884.0,840.0,9.0,
2137,8,40,82,884.0,840.0,9.0,
2138,8,1350,1392,884.0,840.0,9.0,
2139,8,1350,1392,884.0,840.0,9.0,
2140,8,40,82,884.0,840.0,9.0,
2141,8,1350,1392,884.0,840.0,9.0,
2142,8,1350,1392,884.0,840.0,9.0,
2143,8,1350,1392,884.0,840.0,9.0,
2144,8,1350,1392,884.0,840.0,9.0,
2145,8,40,82,884.0,840.0,9.0,
2146,8,40,82,884.0,840.0,9.0,
2147,8,1350,1392,884.0,840.0,9.0,
2148,8,1350,1392,884.0,840.0,9.0,
2149,8,1350,1392,884.0,840.0,9.0,
2150,8,1350,1392,884.0,840.0,9.0,
2151,8,1350,1392,884.0,840.0,9.0,
2152,8,1350,1392,884.0,840.0,9.0,
2153,8,1350,1392,884.0,840.0,9.0,
2154,8,1350,1392,884.0,840.0,9.0,
2155,8,1350,1392,884.0,840.0,9.0,
2156,8,1350,1392,884.0,840.0,9.0,
2157,8,1350,1392,884.0,840.0,9.0,
2158,8,1350,1392,884.0,840.0,9.0,
2159,8,40,82,884.0,840.0,9.0,
2160,8,1350,1392,884.0,840.0,9.0,
2161,8,40,82,884.0,840.0,9.0,
2162,8,1350,1392,884.0,840.0,9.0,
2163,8,40,82,884.0,840.0,9.0,
2164,8,40,82,884.0,840.0,9.0,
2165,8,40,82,884.0,840.0,9.0,
2166,8,40,82,884.0,840.0,9.0,
2167,8,40,82,884.0,840.0,9.0,
2168,8,1350,1392,884.0,840.0,9.0,
2169,8,1350,1392,884.0,840.0,9.0,
2170,8,40,82,884.0,840.0,9.0,
2171,8,1350,1392,884.0,840.0,9.0,
2172,8,1350,1392,884.0,840.0,9.0,
2173,8,40,82,884.0,840.0,9.0,
2174,8,1350,1392,884.0,840.0,9.0,
2175,8,1350,1392,884.0,840.0,9.0,
2176,8,40,82,884.0,840.0,9.0,
2177,8,1350,1392,884.0,840.0,9.0,
2178,8,1350,1392,884.0,840.0,9.0,
2179,8,40,82,884.0,840.0,9.0,
2180,8,1350,1392,884.0,840.0,9.0,
2181,8,1350,1392,884.0,840.0,9.0,
2182,8,40,82,884.0,840.0,9.0,
2183,8,1350,1392,884.0,840.0,9.0,
2184,8,68,110,884.0,840.0,9.0,
2185,8,1350,1392,884.0,840.0,9.0,
2186,8,40,82,884.0,840.0,9.0,
2187,8,1350,1392,884.0,840.0,9.0,
2188,8,1350,1392,884.0,840.0,9.0,
2189,8,40,82,884.0,840.0,9.0,
2190,8,1350,1392,884.0,840.0,9.0,
2191,8,1350,1392,884.0,840.0,9.0,
2192,8,1350,1392,884.0,840.0,9.0,
2193,8,40,82,884.0,840.0,9.0,
2194,8,1350,1392,884.0,840.0,9.0,
2195,8,40,82,884.0,840.0,9.0,
2196,8,1350,1392,884.0,840.0,9.0,
2197,8,1350,1392,884.0,840.0,9.0,
2198,8,40,82,884.0,840.0,9.0,
2199,8,1350,1392,884.0,840.0,9.0,
2200,8,1350,1392,884.0,840.0,9.0,
2201,8,1350,1392,884.0,840.0,9.0,
2202,8,94,136,884.0,840.0,9.0,
2203,8,40,82,884.0,840.0,9.0,
2204,8,1350,1392,884.0,840.0,9.0,
2205,8,1350,1392,884.0,840.0,9.0,
2206,8,43,85,884.0,840.0,9.0,
2207,8,1350,1392,884.0,840.0,9.0,
2208,8,40,82,884.0,840.0,9.0,
2209,8,1350,1392,884.0,840.0,9.0,
2210,8,1350,1392,884.0,840.0,9.0,
2211,8,40,82,884.0,840.0,9.0,
2212,8,1350,1392,884.0,840.0,9.0,
2213,8,1350,1392,884.0,840.0,9.0,
2214,8,40,82,884.0,840.0,9.0,
2215,8,1350,1392,884.0,840.0,9.0,
2216,8,1350,1392,884.0,840.0,9.0,
2217,8,40,82,884.0,840.0,9.0,
2218,8,1350,1392,884.0,840.0,9.0,
2219,8,1350,1392,884.0,840.0,9.0,
2220,8,40,82,884.0,840.0,9.0,
2221,8,1350,1392,884.0,840.0,9.0,
2222,8,40,82,884.0,840.0,9.0,
2223,8,1350,1392,884.0,840.0,9.0,
2224,8,1350,1392,884.0,840.0,9.0,
2225,8,1350,1392,884.0,840.0,9.0,
2226,8,40,82,884.0,840.0,9.0,
2227,8,40,82,884.0,840.0,9.0,
2228,8,1350,1392,884.0,840.0,9.0,
2229,8,1350,1392,884.0,840.0,9.0,
2230,8,40,82,884.0,840.0,9.0,
2231,8,1350,1392,884.0,840.0,9.0,
2232,8,1350,1392,884.0,840.0,9.0,
2233,8,1350,1392,884.0,840.0,9.0,
2234,8,40,82,884.0,840.0,9.0,
2235,8,230,272,884.0,840.0,9.0,
2236,8,40,82,884.0,840.0,9.0,
2237,8,40,82,884.0,840.0,9.0,
2240,8,12,54,884.0,840.0,9.0,
2241,8,174,216,884.0,840.0,9.0,
2242,8,40,82,884.0,840.0,9.0,
2245,8,12,54,884.0,840.0,9.0,
2246,8,174,216,884.0,840.0,9.0,
2247,8,174,216,884.0,840.0,9.0,
2251,8,40,82,884.0,840.0,9.0,
2253,8,12,54,884.0,840.0,9.0,
2255,8,174,216,884.0,840.0,9.0,
2256,8,275,317,884.0,840.0,9.0,
2257,8,32,74,884.0,840.0,9.0,
2258,8,119,161,884.0,840.0,9.0,
2259,8,40,82,884.0,840.0,9.0,
2260,8,435,477,884.0,840.0,9.0,
2261,8,32,74,884.0,840.0,9.0,
2262,8,68,110,884.0,840.0,9.0,
2263,8,40,82,884.0,840.0,9.0,
2264,8,543,585,884.0,840.0,9.0,
2265,8,85,127,884.0,840.0,9.0,
2266,8,37,79,884.0,840.0,9.0,
2270,8,326,368,884.0,840.0,9.0,
2271,8,444,486,884.0,840.0,9.0,
2272,8,85,127,884.0,840.0,9.0,
2273,8,37,79,884.0,840.0,9.0,
2275,8,38,80,884.0,840.0,9.0,
2277,8,191,233,884.0,840.0,9.0,
2307,8,528,570,884.0,840.0,9.0,
2308,8,85,127,884.0,840.0,9.0,
2309,8,37,79,884.0,840.0,9.0,
2310,8,326,368,884.0,840.0,9.0,
2311,8,448,490,884.0,840.0,9.0,
2312,8,448,490,884.0,840.0,9.0,
2313,8,448,490,884.0,840.0,9.0,
2314,8,85,127,884.0,840.0,9.0,
2315,8,37,79,884.0,840.0,9.0,
2316,8,68,110,884.0,840.0,9.0,
2317,8,29,71,884.0,840.0,9.0,
2318,8,68,110,884.0,840.0,9.0,
2319,8,43,85,884.0,840.0,9.0,
2320,8,29,71,884.0,840.0,9.0,
2321,8,174,216,884.0,840.0,9.0,
2322,8,174,216,884.0,840.0,9.0,
2323,8,40,82,884.0,840.0,9.0,
2325,8,12,54,884.0,840.0,9.0,
2327,8,174,216,884.0,840.0,9.0,
2328,8,40,82,884.0,840.0,9.0,
2331,8,12,54,884.0,840.0,9.0,
2332,8,174,216,884.0,840.0,9.0,
2345,8,40,82,884.0,840.0,9.0,
2347,8,12,54,884.0,840.0,9.0,
2349,8,1350,1392,884.0,840.0,9.0,
2351,8,1018,1060,884.0,840.0,9.0,
2352,8,1350,1392,884.0,840.0,9.0,
2353,8,1350,1392,884.0,840.0,9.0,
2354,8,1350,1392,884.0,840.0,9.0,
2355,8,1350,1392,884.0,840.0,9.0,
2356,8,37,79,884.0,840.0,9.0,
2358,8,1350,1392,884.0,840.0,9.0,
2359,8,29,71,884.0,840.0,9.0,
2362,8,1350,1392,884.0,840.0,9.0,
2363,8,1350,1392,884.0,840.0,9.0,
2364,8,43,85,884.0,840.0,9.0,
2371,8,37,79,884.0,840.0,9.0,
2380,8,354,396,884.0,840.0,9.0,
2381,8,37,79,884.0,840.0,9.0,
2382,8,309,351,884.0,840.0,9.0,
2383,8,45,87,884.0,840.0,9.0,
2384,8,89,131,884.0,840.0,9.0,
2385,8,40,82,884.0,840.0,9.0,
2386,8,529,571,884.0,840.0,9.0,
2387,8,529,571,884.0,840.0,9.0,
2388,8,88,130,884.0,840.0,9.0,
2389,8,40,82,884.0,840.0,9.0,
2390,8,68,110,884.0,840.0,9.0,
2391,8,37,79,884.0,840.0,9.0,
2392,8,29,71,884.0,840.0,9.0,
2393,8,68,110,884.0,840.0,9.0,
2394,8,40,82,884.0,840.0,9.0,
2397,8,326,368,884.0,840.0,9.0,
2404,8,407,449,884.0,840.0,9.0,
2405,8,464,506,884.0,840.0,9.0,
2406,8,408,450,884.0,840.0,9.0,
2407,8,35,77,884.0,840.0,9.0,
2408,8,29,71,884.0,840.0,9.0,
2409,8,68,110,884.0,840.0,9.0,
2410,8,45,87,884.0,840.0,9.0,
2411,8,46,88,884.0,840.0,9.0,
2412,8,212,254,884.0,840.0,9.0,
2413,8,37,79,884.0,840.0,9.0,
2416,8,416,458,884.0,840.0,9.0,
2417,8,35,77,884.0,840.0,9.0,
2418,8,68,110,884.0,840.0,9.0,
2419,8,40,82,884.0,840.0,9.0,
2420,8,68,110,884.0,840.0,9.0,
2421,8,37,79,884.0,840.0,9.0,
2422,8,462,504,884.0,840.0,9.0,
2423,8,463,505,884.0,840.0,9.0,
2424,8,38,80,884.0,840.0,9.0,
2425,8,68,110,884.0,840.0,9.0,
2426,8,45,87,884.0,840.0,9.0,
2427,8,43,85,884.0,840.0,9.0,
2428,8,30,72,884.0,840.0,9.0,
2439,8,30,72,884.0,840.0,9.0,
2440,8,436,478,884.0,840.0,9.0,
2441,8,538,580,884.0,840.0,9.0,
2442,8,172,214,884.0,840.0,9.0,
2443,8,155,197,884.0,840.0,9.0,
2444,8,155,197,884.0,840.0,9.0,
2475,8,1350,1392,884.0,840.0,9.0,
2497,8,41,83,884.0,840.0,9.0,
2498,8,68,110,884.0,840.0,9.0,
2499,8,1350,1392,884.0,840.0,9.0,
2500,8,40,82,884.0,840.0,9.0,
2501,8,45,87,884.0,840.0,9.0,
2502,8,32,74,884.0,840.0,9.0,
2521,8,1350,1392,884.0,840.0,9.0,
2526,8,1350,1392,884.0,840.0,9.0,
2527,8,1350,1392,884.0,840.0,9.0,
2528,8,239,281,884.0,840.0,9.0,
2535,8,43,85,884.0,840.0,9.0,
2549,8,37,79,884.0,840.0,9.0,
2570,8,37,79,884.0,840.0,9.0,
2571,8,37,79,884.0,840.0,9.0,
2573,8,1350,1392,884.0,840.0,9.0,
2607,8,37,79,884.0,840.0,9.0,
2616,8,443,485,884.0,840.0,9.0,
2617,8,88,130,884.0,840.0,9.0,
2618,8,37,79,884.0,840.0,9.0,
